video,words,glosses,spoken_language,signed_language,priority,start,end
69241,book,book,en,asl,0,0,0
65225,book,book,en,asl,0,0,0
07085,book,book,en,asl,0,0,0
07086,book,book,en,asl,0,0,0
07087,book,book,en,asl,0,0,0
07069,book,book,en,asl,0,0,0
07088,book,book,en,asl,0,0,0
07089,book,book,en,asl,0,0,0
07090,book,book,en,asl,0,0,0
07091,book,book,en,asl,0,0,0
07092,book,book,en,asl,0,0,0
07093,book,book,en,asl,0,0,0
07068,book,book,en,asl,0,0,0
07094,book,book,en,asl,0,0,0
07095,book,book,en,asl,0,0,0
07096,book,book,en,asl,0,0,0
07097,book,book,en,asl,0,0,0
07070,book,book,en,asl,0,0,0
07098,book,book,en,asl,0,0,0
07099,book,book,en,asl,0,0,0
07071,book,book,en,asl,0,0,0
07072,book,book,en,asl,0,0,0
07073,book,book,en,asl,0,0,0
07074,book,book,en,asl,0,0,0
07077,book,book,en,asl,0,0,0
07078,book,book,en,asl,0,0,0
07079,book,book,en,asl,0,0,0
07080,book,book,en,asl,0,0,0
07081,book,book,en,asl,0,0,0
07082,book,book,en,asl,0,0,0
07083,book,book,en,asl,0,0,0
07084,book,book,en,asl,0,0,0
69302,drink,drink,en,asl,0,0,0
65539,drink,drink,en,asl,0,0,0
17710,drink,drink,en,asl,0,0,0
17732,drink,drink,en,asl,0,0,0
17733,drink,drink,en,asl,0,0,0
65540,drink,drink,en,asl,0,0,0
17734,drink,drink,en,asl,0,0,0
17711,drink,drink,en,asl,0,0,0
17712,drink,drink,en,asl,0,0,0
17713,drink,drink,en,asl,0,0,0
17714,drink,drink,en,asl,0,0,0
17715,drink,drink,en,asl,0,0,0
17716,drink,drink,en,asl,0,0,0
17717,drink,drink,en,asl,0,0,0
17718,drink,drink,en,asl,0,0,0
17709,drink,drink,en,asl,0,0,0
17719,drink,drink,en,asl,0,0,0
17720,drink,drink,en,asl,0,0,0
17721,drink,drink,en,asl,0,0,0
17722,drink,drink,en,asl,0,0,0
17723,drink,drink,en,asl,0,0,0
17724,drink,drink,en,asl,0,0,0
12328,computer,computer,en,asl,0,0,0
12312,computer,computer,en,asl,0,0,0
12311,computer,computer,en,asl,0,0,0
12337,computer,computer,en,asl,0,0,0
12338,computer,computer,en,asl,0,0,0
12313,computer,computer,en,asl,0,0,0
12314,computer,computer,en,asl,0,0,0
12315,computer,computer,en,asl,0,0,0
12316,computer,computer,en,asl,0,0,0
12317,computer,computer,en,asl,0,0,0
12318,computer,computer,en,asl,0,0,0
12319,computer,computer,en,asl,0,0,0
12320,computer,computer,en,asl,0,0,0
12321,computer,computer,en,asl,0,0,0
12322,computer,computer,en,asl,0,0,0
12323,computer,computer,en,asl,0,0,0
12324,computer,computer,en,asl,0,0,0
12326,computer,computer,en,asl,0,0,0
12327,computer,computer,en,asl,0,0,0
05728,before,before,en,asl,0,0,0
05748,before,before,en,asl,0,0,0
05749,before,before,en,asl,0,0,0
05750,before,before,en,asl,0,0,0
05729,before,before,en,asl,0,0,0
05730,before,before,en,asl,0,0,0
65167,before,before,en,asl,0,0,0
05731,before,before,en,asl,0,0,0
05732,before,before,en,asl,0,0,0
05733,before,before,en,asl,0,0,0
05734,before,before,en,asl,0,0,0
05735,before,before,en,asl,0,0,0
05736,before,before,en,asl,0,0,0
05727,before,before,en,asl,0,0,0
05737,before,before,en,asl,0,0,0
05739,before,before,en,asl,0,0,0
05740,before,before,en,asl,0,0,0
05741,before,before,en,asl,0,0,0
05742,before,before,en,asl,0,0,0
05743,before,before,en,asl,0,0,0
09865,chair,chair,en,asl,0,0,0
09866,chair,chair,en,asl,0,0,0
09848,chair,chair,en,asl,0,0,0
09867,chair,chair,en,asl,0,0,0
09869,chair,chair,en,asl,0,0,0
09849,chair,chair,en,asl,0,0,0
09850,chair,chair,en,asl,0,0,0
09851,chair,chair,en,asl,0,0,0
65328,chair,chair,en,asl,0,0,0
09853,chair,chair,en,asl,0,0,0
09854,chair,chair,en,asl,0,0,0
09857,chair,chair,en,asl,0,0,0
09858,chair,chair,en,asl,0,0,0
09859,chair,chair,en,asl,0,0,0
09860,chair,chair,en,asl,0,0,0
09861,chair,chair,en,asl,0,0,0
09862,chair,chair,en,asl,0,0,0
09863,chair,chair,en,asl,0,0,0
69345,go,go,en,asl,0,0,0
24955,go,go,en,asl,0,0,0
24956,go,go,en,asl,0,0,0
24941,go,go,en,asl,0,0,0
24960,go,go,en,asl,0,0,0
24961,go,go,en,asl,0,0,0
24962,go,go,en,asl,0,0,0
24972,go,go,en,asl,0,0,0
65824,go,go,en,asl,0,0,0
24973,go,go,en,asl,0,0,0
24943,go,go,en,asl,0,0,0
24946,go,go,en,asl,0,0,0
24947,go,go,en,asl,0,0,0
24948,go,go,en,asl,0,0,0
24940,go,go,en,asl,0,0,0
24950,go,go,en,asl,0,0,0
24951,go,go,en,asl,0,0,0
24952,go,go,en,asl,0,0,0
24954,go,go,en,asl,0,0,0
11327,clothes,clothes,en,asl,0,0,0
11328,clothes,clothes,en,asl,0,0,0
11310,clothes,clothes,en,asl,0,0,0
11329,clothes,clothes,en,asl,0,0,0
11330,clothes,clothes,en,asl,0,0,0
11311,clothes,clothes,en,asl,0,0,0
11312,clothes,clothes,en,asl,0,0,0
11313,clothes,clothes,en,asl,0,0,0
11309,clothes,clothes,en,asl,0,0,0
11317,clothes,clothes,en,asl,0,0,0
11318,clothes,clothes,en,asl,0,0,0
11319,clothes,clothes,en,asl,0,0,0
11320,clothes,clothes,en,asl,0,0,0
11321,clothes,clothes,en,asl,0,0,0
11322,clothes,clothes,en,asl,0,0,0
11323,clothes,clothes,en,asl,0,0,0
11324,clothes,clothes,en,asl,0,0,0
11325,clothes,clothes,en,asl,0,0,0
11326,clothes,clothes,en,asl,0,0,0
69534,who,who,en,asl,0,0,0
63241,who,who,en,asl,0,0,0
63242,who,who,en,asl,0,0,0
63226,who,who,en,asl,0,0,0
63227,who,who,en,asl,0,0,0
63228,who,who,en,asl,0,0,0
63229,who,who,en,asl,0,0,0
63230,who,who,en,asl,0,0,0
63231,who,who,en,asl,0,0,0
66778,who,who,en,asl,0,0,0
63232,who,who,en,asl,0,0,0
63233,who,who,en,asl,0,0,0
63234,who,who,en,asl,0,0,0
66779,who,who,en,asl,0,0,0
66780,who,who,en,asl,0,0,0
63225,who,who,en,asl,0,0,0
63236,who,who,en,asl,0,0,0
63237,who,who,en,asl,0,0,0
08928,candy,candy,en,asl,0,0,0
08929,candy,candy,en,asl,0,0,0
08916,candy,candy,en,asl,0,0,0
08917,candy,candy,en,asl,0,0,0
08918,candy,candy,en,asl,0,0,0
08919,candy,candy,en,asl,0,0,0
08920,candy,candy,en,asl,0,0,0
08921,candy,candy,en,asl,0,0,0
08922,candy,candy,en,asl,0,0,0
08923,candy,candy,en,asl,0,0,0
65298,candy,candy,en,asl,0,0,0
08924,candy,candy,en,asl,0,0,0
65299,candy,candy,en,asl,0,0,0
65300,candy,candy,en,asl,0,0,0
08915,candy,candy,en,asl,0,0,0
08925,candy,candy,en,asl,0,0,0
65415,cousin,cousin,en,asl,0,0,0
13647,cousin,cousin,en,asl,0,0,0
13648,cousin,cousin,en,asl,0,0,0
13631,cousin,cousin,en,asl,0,0,0
13632,cousin,cousin,en,asl,0,0,0
13633,cousin,cousin,en,asl,0,0,0
13634,cousin,cousin,en,asl,0,0,0
13635,cousin,cousin,en,asl,0,0,0
13636,cousin,cousin,en,asl,0,0,0
13637,cousin,cousin,en,asl,0,0,0
13638,cousin,cousin,en,asl,0,0,0
13630,cousin,cousin,en,asl,0,0,0
13639,cousin,cousin,en,asl,0,0,0
13640,cousin,cousin,en,asl,0,0,0
13641,cousin,cousin,en,asl,0,0,0
13642,cousin,cousin,en,asl,0,0,0
13644,cousin,cousin,en,asl,0,0,0
13645,cousin,cousin,en,asl,0,0,0
13646,cousin,cousin,en,asl,0,0,0
14882,deaf,deaf,en,asl,0,0,0
14901,deaf,deaf,en,asl,0,0,0
14903,deaf,deaf,en,asl,0,0,0
14883,deaf,deaf,en,asl,0,0,0
14884,deaf,deaf,en,asl,0,0,0
14885,deaf,deaf,en,asl,0,0,0
14886,deaf,deaf,en,asl,0,0,0
65445,deaf,deaf,en,asl,0,0,0
14887,deaf,deaf,en,asl,0,0,0
14888,deaf,deaf,en,asl,0,0,0
14889,deaf,deaf,en,asl,0,0,0
14891,deaf,deaf,en,asl,0,0,0
14893,deaf,deaf,en,asl,0,0,0
14894,deaf,deaf,en,asl,0,0,0
65717,fine,fine,en,asl,0,0,0
21888,fine,fine,en,asl,0,0,0
21870,fine,fine,en,asl,0,0,0
21889,fine,fine,en,asl,0,0,0
21890,fine,fine,en,asl,0,0,0
21891,fine,fine,en,asl,0,0,0
21871,fine,fine,en,asl,0,0,0
21872,fine,fine,en,asl,0,0,0
21869,fine,fine,en,asl,0,0,0
21874,fine,fine,en,asl,0,0,0
21875,fine,fine,en,asl,0,0,0
21876,fine,fine,en,asl,0,0,0
21878,fine,fine,en,asl,0,0,0
21883,fine,fine,en,asl,0,0,0
69364,help,help,en,asl,0,0,0
27220,help,help,en,asl,0,0,0
27221,help,help,en,asl,0,0,0
27206,help,help,en,asl,0,0,0
27207,help,help,en,asl,0,0,0
27208,help,help,en,asl,0,0,0
27209,help,help,en,asl,0,0,0
27210,help,help,en,asl,0,0,0
27211,help,help,en,asl,0,0,0
27212,help,help,en,asl,0,0,0
65890,help,help,en,asl,0,0,0
27213,help,help,en,asl,0,0,0
27214,help,help,en,asl,0,0,0
65891,help,help,en,asl,0,0,0
65889,help,help,en,asl,0,0,0
27215,help,help,en,asl,0,0,0
27216,help,help,en,asl,0,0,0
27217,help,help,en,asl,0,0,0
69411,no,no,en,asl,0,0,0
38542,no,no,en,asl,0,0,0
38525,no,no,en,asl,0,0,0
38544,no,no,en,asl,0,0,0
38527,no,no,en,asl,0,0,0
38529,no,no,en,asl,0,0,0
38530,no,no,en,asl,0,0,0
38531,no,no,en,asl,0,0,0
38532,no,no,en,asl,0,0,0
38533,no,no,en,asl,0,0,0
66183,no,no,en,asl,0,0,0
38524,no,no,en,asl,0,0,0
38534,no,no,en,asl,0,0,0
57948,thin,thin,en,asl,0,0,0
57949,thin,thin,en,asl,0,0,0
57952,thin,thin,en,asl,0,0,0
57934,thin,thin,en,asl,0,0,0
57953,thin,thin,en,asl,0,0,0
57935,thin,thin,en,asl,0,0,0
57936,thin,thin,en,asl,0,0,0
57937,thin,thin,en,asl,0,0,0
66606,thin,thin,en,asl,0,0,0
57939,thin,thin,en,asl,0,0,0
57940,thin,thin,en,asl,0,0,0
57941,thin,thin,en,asl,0,0,0
57942,thin,thin,en,asl,0,0,0
66607,thin,thin,en,asl,0,0,0
57933,thin,thin,en,asl,0,0,0
57943,thin,thin,en,asl,0,0,0
57944,thin,thin,en,asl,0,0,0
57945,thin,thin,en,asl,0,0,0
57947,thin,thin,en,asl,0,0,0
62174,walk,walk,en,asl,0,0,0
62175,walk,walk,en,asl,0,0,0
62159,walk,walk,en,asl,0,0,0
62160,walk,walk,en,asl,0,0,0
62163,walk,walk,en,asl,0,0,0
62164,walk,walk,en,asl,0,0,0
62165,walk,walk,en,asl,0,0,0
66743,walk,walk,en,asl,0,0,0
62166,walk,walk,en,asl,0,0,0
66742,walk,walk,en,asl,0,0,0
62158,walk,walk,en,asl,0,0,0
62168,walk,walk,en,asl,0,0,0
62169,walk,walk,en,asl,0,0,0
62170,walk,walk,en,asl,0,0,0
64211,year,year,en,asl,0,0,0
64223,year,year,en,asl,0,0,0
64224,year,year,en,asl,0,0,0
64210,year,year,en,asl,0,0,0
64212,year,year,en,asl,0,0,0
66818,year,year,en,asl,0,0,0
64213,year,year,en,asl,0,0,0
66816,year,year,en,asl,0,0,0
64209,year,year,en,asl,0,0,0
64215,year,year,en,asl,0,0,0
64216,year,year,en,asl,0,0,0
64217,year,year,en,asl,0,0,0
64219,year,year,en,asl,0,0,0
64218,year,year,en,asl,0,0,0
69546,yes,yes,en,asl,0,0,0
64287,yes,yes,en,asl,0,0,0
64290,yes,yes,en,asl,0,0,0
64284,yes,yes,en,asl,0,0,0
64291,yes,yes,en,asl,0,0,0
64292,yes,yes,en,asl,0,0,0
64293,yes,yes,en,asl,0,0,0
66820,yes,yes,en,asl,0,0,0
64280,yes,yes,en,asl,0,0,0
64299,yes,yes,en,asl,0,0,0
64300,yes,yes,en,asl,0,0,0
64281,yes,yes,en,asl,0,0,0
64288,yes,yes,en,asl,0,0,0
64289,yes,yes,en,asl,0,0,0
64283,yes,yes,en,asl,0,0,0
69206,all,all,en,asl,0,0,0
02002,all,all,en,asl,0,0,0
02003,all,all,en,asl,0,0,0
01987,all,all,en,asl,0,0,0
01988,all,all,en,asl,0,0,0
01989,all,all,en,asl,0,0,0
01990,all,all,en,asl,0,0,0
01991,all,all,en,asl,0,0,0
01992,all,all,en,asl,0,0,0
65043,all,all,en,asl,0,0,0
01986,all,all,en,asl,0,0,0
69236,black,black,en,asl,0,0,0
06472,black,black,en,asl,0,0,0
06473,black,black,en,asl,0,0,0
06474,black,black,en,asl,0,0,0
06475,black,black,en,asl,0,0,0
06476,black,black,en,asl,0,0,0
06477,black,black,en,asl,0,0,0
06478,black,black,en,asl,0,0,0
65200,black,black,en,asl,0,0,0
06471,black,black,en,asl,0,0,0
06485,black,black,en,asl,0,0,0
06486,black,black,en,asl,0,0,0
69281,cool,cool,en,asl,0,0,0
65403,cool,cool,en,asl,0,0,0
13213,cool,cool,en,asl,0,0,0
13197,cool,cool,en,asl,0,0,0
13216,cool,cool,en,asl,0,0,0
13217,cool,cool,en,asl,0,0,0
13198,cool,cool,en,asl,0,0,0
13199,cool,cool,en,asl,0,0,0
13200,cool,cool,en,asl,0,0,0
13201,cool,cool,en,asl,0,0,0
65402,cool,cool,en,asl,0,0,0
13202,cool,cool,en,asl,0,0,0
13203,cool,cool,en,asl,0,0,0
13205,cool,cool,en,asl,0,0,0
13196,cool,cool,en,asl,0,0,0
13206,cool,cool,en,asl,0,0,0
13207,cool,cool,en,asl,0,0,0
13208,cool,cool,en,asl,0,0,0
13209,cool,cool,en,asl,0,0,0
21942,finish,finish,en,asl,0,0,0
21943,finish,finish,en,asl,0,0,0
21944,finish,finish,en,asl,0,0,0
21945,finish,finish,en,asl,0,0,0
21946,finish,finish,en,asl,0,0,0
21949,finish,finish,en,asl,0,0,0
21950,finish,finish,en,asl,0,0,0
65721,finish,finish,en,asl,0,0,0
21941,finish,finish,en,asl,0,0,0
21951,finish,finish,en,asl,0,0,0
21956,finish,finish,en,asl,0,0,0
69368,hot,hot,en,asl,0,0,0
28125,hot,hot,en,asl,0,0,0
28108,hot,hot,en,asl,0,0,0
28109,hot,hot,en,asl,0,0,0
28110,hot,hot,en,asl,0,0,0
28111,hot,hot,en,asl,0,0,0
28112,hot,hot,en,asl,0,0,0
28113,hot,hot,en,asl,0,0,0
28114,hot,hot,en,asl,0,0,0
28115,hot,hot,en,asl,0,0,0
28116,hot,hot,en,asl,0,0,0
28107,hot,hot,en,asl,0,0,0
28124,hot,hot,en,asl,0,0,0
69389,like,like,en,asl,0,0,0
33266,like,like,en,asl,0,0,0
33285,like,like,en,asl,0,0,0
33267,like,like,en,asl,0,0,0
33286,like,like,en,asl,0,0,0
33268,like,like,en,asl,0,0,0
33269,like,like,en,asl,0,0,0
33270,like,like,en,asl,0,0,0
33271,like,like,en,asl,0,0,0
33273,like,like,en,asl,0,0,0
33274,like,like,en,asl,0,0,0
33284,like,like,en,asl,0,0,0
69396,many,many,en,asl,0,0,0
34823,many,many,en,asl,0,0,0
34824,many,many,en,asl,0,0,0
34825,many,many,en,asl,0,0,0
34826,many,many,en,asl,0,0,0
34827,many,many,en,asl,0,0,0
34828,many,many,en,asl,0,0,0
34829,many,many,en,asl,0,0,0
34830,many,many,en,asl,0,0,0
34831,many,many,en,asl,0,0,0
34832,many,many,en,asl,0,0,0
34838,many,many,en,asl,0,0,0
34839,many,many,en,asl,0,0,0
69402,mother,mother,en,asl,0,0,0
36945,mother,mother,en,asl,0,0,0
36946,mother,mother,en,asl,0,0,0
36930,mother,mother,en,asl,0,0,0
36931,mother,mother,en,asl,0,0,0
36932,mother,mother,en,asl,0,0,0
36933,mother,mother,en,asl,0,0,0
36934,mother,mother,en,asl,0,0,0
36936,mother,mother,en,asl,0,0,0
36937,mother,mother,en,asl,0,0,0
66147,mother,mother,en,asl,0,0,0
66146,mother,mother,en,asl,0,0,0
36929,mother,mother,en,asl,0,0,0
69413,now,now,en,asl,0,0,0
38994,now,now,en,asl,0,0,0
38999,now,now,en,asl,0,0,0
39000,now,now,en,asl,0,0,0
38990,now,now,en,asl,0,0,0
39005,now,now,en,asl,0,0,0
39006,now,now,en,asl,0,0,0
38991,now,now,en,asl,0,0,0
38995,now,now,en,asl,0,0,0
38996,now,now,en,asl,0,0,0
38997,now,now,en,asl,0,0,0
69422,orange,orange,en,asl,0,0,0
40115,orange,orange,en,asl,0,0,0
40116,orange,orange,en,asl,0,0,0
40117,orange,orange,en,asl,0,0,0
40118,orange,orange,en,asl,0,0,0
40119,orange,orange,en,asl,0,0,0
40120,orange,orange,en,asl,0,0,0
40121,orange,orange,en,asl,0,0,0
66246,orange,orange,en,asl,0,0,0
40128,orange,orange,en,asl,0,0,0
40129,orange,orange,en,asl,0,0,0
40130,orange,orange,en,asl,0,0,0
56573,table,table,en,asl,0,0,0
56574,table,table,en,asl,0,0,0
56557,table,table,en,asl,0,0,0
56576,table,table,en,asl,0,0,0
56577,table,table,en,asl,0,0,0
56578,table,table,en,asl,0,0,0
56579,table,table,en,asl,0,0,0
56558,table,table,en,asl,0,0,0
56556,table,table,en,asl,0,0,0
56560,table,table,en,asl,0,0,0
56563,table,table,en,asl,0,0,0
56568,table,table,en,asl,0,0,0
56569,table,table,en,asl,0,0,0
56571,table,table,en,asl,0,0,0
57646,thanksgiving,thanksgiving,en,asl,0,0,0
57628,thanksgiving,thanksgiving,en,asl,0,0,0
57647,thanksgiving,thanksgiving,en,asl,0,0,0
57629,thanksgiving,thanksgiving,en,asl,0,0,0
57630,thanksgiving,thanksgiving,en,asl,0,0,0
57631,thanksgiving,thanksgiving,en,asl,0,0,0
57632,thanksgiving,thanksgiving,en,asl,0,0,0
57633,thanksgiving,thanksgiving,en,asl,0,0,0
57634,thanksgiving,thanksgiving,en,asl,0,0,0
57635,thanksgiving,thanksgiving,en,asl,0,0,0
57636,thanksgiving,thanksgiving,en,asl,0,0,0
57637,thanksgiving,thanksgiving,en,asl,0,0,0
57638,thanksgiving,thanksgiving,en,asl,0,0,0
57639,thanksgiving,thanksgiving,en,asl,0,0,0
57640,thanksgiving,thanksgiving,en,asl,0,0,0
57641,thanksgiving,thanksgiving,en,asl,0,0,0
69531,what,what,en,asl,0,0,0
62967,what,what,en,asl,0,0,0
62968,what,what,en,asl,0,0,0
62970,what,what,en,asl,0,0,0
62971,what,what,en,asl,0,0,0
66769,what,what,en,asl,0,0,0
62986,what,what,en,asl,0,0,0
62973,what,what,en,asl,0,0,0
62987,what,what,en,asl,0,0,0
62964,what,what,en,asl,0,0,0
62988,what,what,en,asl,0,0,0
62975,what,what,en,asl,0,0,0
62965,what,what,en,asl,0,0,0
62979,what,what,en,asl,0,0,0
62966,what,what,en,asl,0,0,0
63679,woman,woman,en,asl,0,0,0
63665,woman,woman,en,asl,0,0,0
63666,woman,woman,en,asl,0,0,0
63667,woman,woman,en,asl,0,0,0
63668,woman,woman,en,asl,0,0,0
63669,woman,woman,en,asl,0,0,0
63670,woman,woman,en,asl,0,0,0
63671,woman,woman,en,asl,0,0,0
63672,woman,woman,en,asl,0,0,0
63673,woman,woman,en,asl,0,0,0
66798,woman,woman,en,asl,0,0,0
66799,woman,woman,en,asl,0,0,0
63664,woman,woman,en,asl,0,0,0
63678,woman,woman,en,asl,0,0,0
05643,bed,bed,en,asl,0,0,0
05644,bed,bed,en,asl,0,0,0
05629,bed,bed,en,asl,0,0,0
05630,bed,bed,en,asl,0,0,0
05631,bed,bed,en,asl,0,0,0
05632,bed,bed,en,asl,0,0,0
05633,bed,bed,en,asl,0,0,0
05634,bed,bed,en,asl,0,0,0
05635,bed,bed,en,asl,0,0,0
05636,bed,bed,en,asl,0,0,0
65162,bed,bed,en,asl,0,0,0
05637,bed,bed,en,asl,0,0,0
65163,bed,bed,en,asl,0,0,0
65161,bed,bed,en,asl,0,0,0
05638,bed,bed,en,asl,0,0,0
69238,blue,blue,en,asl,0,0,0
06835,blue,blue,en,asl,0,0,0
06836,blue,blue,en,asl,0,0,0
06837,blue,blue,en,asl,0,0,0
06838,blue,blue,en,asl,0,0,0
06839,blue,blue,en,asl,0,0,0
65216,blue,blue,en,asl,0,0,0
06832,blue,blue,en,asl,0,0,0
06844,blue,blue,en,asl,0,0,0
06845,blue,blue,en,asl,0,0,0
06833,blue,blue,en,asl,0,0,0
06834,blue,blue,en,asl,0,0,0
07403,bowling,bowling,en,asl,0,0,0
07389,bowling,bowling,en,asl,0,0,0
07390,bowling,bowling,en,asl,0,0,0
07391,bowling,bowling,en,asl,0,0,0
07392,bowling,bowling,en,asl,0,0,0
07393,bowling,bowling,en,asl,0,0,0
07394,bowling,bowling,en,asl,0,0,0
07395,bowling,bowling,en,asl,0,0,0
07396,bowling,bowling,en,asl,0,0,0
07397,bowling,bowling,en,asl,0,0,0
65242,bowling,bowling,en,asl,0,0,0
65241,bowling,bowling,en,asl,0,0,0
07388,bowling,bowling,en,asl,0,0,0
07398,bowling,bowling,en,asl,0,0,0
07399,bowling,bowling,en,asl,0,0,0
07400,bowling,bowling,en,asl,0,0,0
69257,can,can,en,asl,0,0,0
65294,can,can,en,asl,0,0,0
08953,can,can,en,asl,0,0,0
08955,can,can,en,asl,0,0,0
08935,can,can,en,asl,0,0,0
08936,can,can,en,asl,0,0,0
08937,can,can,en,asl,0,0,0
08938,can,can,en,asl,0,0,0
08939,can,can,en,asl,0,0,0
08942,can,can,en,asl,0,0,0
08944,can,can,en,asl,0,0,0
69298,dog,dog,en,asl,0,0,0
17097,dog,dog,en,asl,0,0,0
17084,dog,dog,en,asl,0,0,0
17085,dog,dog,en,asl,0,0,0
17086,dog,dog,en,asl,0,0,0
17087,dog,dog,en,asl,0,0,0
17088,dog,dog,en,asl,0,0,0
17090,dog,dog,en,asl,0,0,0
17091,dog,dog,en,asl,0,0,0
65506,dog,dog,en,asl,0,0,0
65507,dog,dog,en,asl,0,0,0
17083,dog,dog,en,asl,0,0,0
17096,dog,dog,en,asl,0,0,0
69316,family,family,en,asl,0,0,0
20980,family,family,en,asl,0,0,0
20981,family,family,en,asl,0,0,0
20982,family,family,en,asl,0,0,0
20983,family,family,en,asl,0,0,0
20984,family,family,en,asl,0,0,0
20985,family,family,en,asl,0,0,0
20986,family,family,en,asl,0,0,0
20987,family,family,en,asl,0,0,0
65677,family,family,en,asl,0,0,0
20978,family,family,en,asl,0,0,0
20991,family,family,en,asl,0,0,0
20992,family,family,en,asl,0,0,0
20979,family,family,en,asl,0,0,0
69325,fish,fish,en,asl,0,0,0
22129,fish,fish,en,asl,0,0,0
22130,fish,fish,en,asl,0,0,0
22114,fish,fish,en,asl,0,0,0
22115,fish,fish,en,asl,0,0,0
22116,fish,fish,en,asl,0,0,0
22117,fish,fish,en,asl,0,0,0
22118,fish,fish,en,asl,0,0,0
22119,fish,fish,en,asl,0,0,0
22120,fish,fish,en,asl,0,0,0
22121,fish,fish,en,asl,0,0,0
65731,fish,fish,en,asl,0,0,0
22113,fish,fish,en,asl,0,0,0
25337,graduate,graduate,en,asl,0,0,0
25338,graduate,graduate,en,asl,0,0,0
25339,graduate,graduate,en,asl,0,0,0
25322,graduate,graduate,en,asl,0,0,0
25323,graduate,graduate,en,asl,0,0,0
25324,graduate,graduate,en,asl,0,0,0
25325,graduate,graduate,en,asl,0,0,0
25326,graduate,graduate,en,asl,0,0,0
25327,graduate,graduate,en,asl,0,0,0
25328,graduate,graduate,en,asl,0,0,0
65843,graduate,graduate,en,asl,0,0,0
25329,graduate,graduate,en,asl,0,0,0
25330,graduate,graduate,en,asl,0,0,0
25321,graduate,graduate,en,asl,0,0,0
69359,hat,hat,en,asl,0,0,0
26713,hat,hat,en,asl,0,0,0
26736,hat,hat,en,asl,0,0,0
26712,hat,hat,en,asl,0,0,0
26739,hat,hat,en,asl,0,0,0
26741,hat,hat,en,asl,0,0,0
26714,hat,hat,en,asl,0,0,0
26715,hat,hat,en,asl,0,0,0
26716,hat,hat,en,asl,0,0,0
26717,hat,hat,en,asl,0,0,0
26719,hat,hat,en,asl,0,0,0
65884,hearing,hearing,en,asl,0,0,0
26972,hearing,hearing,en,asl,0,0,0
26973,hearing,hearing,en,asl,0,0,0
26974,hearing,hearing,en,asl,0,0,0
26975,hearing,hearing,en,asl,0,0,0
26976,hearing,hearing,en,asl,0,0,0
26977,hearing,hearing,en,asl,0,0,0
26978,hearing,hearing,en,asl,0,0,0
26971,hearing,hearing,en,asl,0,0,0
26980,hearing,hearing,en,asl,0,0,0
31766,kiss,kiss,en,asl,0,0,0
31767,kiss,kiss,en,asl,0,0,0
31750,kiss,kiss,en,asl,0,0,0
31751,kiss,kiss,en,asl,0,0,0
31752,kiss,kiss,en,asl,0,0,0
31753,kiss,kiss,en,asl,0,0,0
31754,kiss,kiss,en,asl,0,0,0
31755,kiss,kiss,en,asl,0,0,0
31756,kiss,kiss,en,asl,0,0,0
65996,kiss,kiss,en,asl,0,0,0
31749,kiss,kiss,en,asl,0,0,0
32156,language,language,en,asl,0,0,0
32157,language,language,en,asl,0,0,0
32158,language,language,en,asl,0,0,0
32160,language,language,en,asl,0,0,0
32161,language,language,en,asl,0,0,0
32162,language,language,en,asl,0,0,0
32163,language,language,en,asl,0,0,0
66008,language,language,en,asl,0,0,0
66007,language,language,en,asl,0,0,0
32154,language,language,en,asl,0,0,0
32166,language,language,en,asl,0,0,0
32167,language,language,en,asl,0,0,0
32155,language,language,en,asl,0,0,0
32336,later,later,en,asl,0,0,0
32337,later,later,en,asl,0,0,0
32338,later,later,en,asl,0,0,0
32320,later,later,en,asl,0,0,0
32321,later,later,en,asl,0,0,0
32322,later,later,en,asl,0,0,0
32323,later,later,en,asl,0,0,0
32324,later,later,en,asl,0,0,0
32325,later,later,en,asl,0,0,0
66015,later,later,en,asl,0,0,0
32326,later,later,en,asl,0,0,0
32327,later,later,en,asl,0,0,0
32328,later,later,en,asl,0,0,0
66014,later,later,en,asl,0,0,0
32329,later,later,en,asl,0,0,0
32333,later,later,en,asl,0,0,0
69395,man,man,en,asl,0,0,0
34746,man,man,en,asl,0,0,0
34733,man,man,en,asl,0,0,0
34734,man,man,en,asl,0,0,0
34736,man,man,en,asl,0,0,0
34737,man,man,en,asl,0,0,0
34738,man,man,en,asl,0,0,0
34739,man,man,en,asl,0,0,0
34741,man,man,en,asl,0,0,0
66098,man,man,en,asl,0,0,0
66099,man,man,en,asl,0,0,0
66097,man,man,en,asl,0,0,0
34732,man,man,en,asl,0,0,0
34742,man,man,en,asl,0,0,0
34745,man,man,en,asl,0,0,0
51057,shirt,shirt,en,asl,0,0,0
51077,shirt,shirt,en,asl,0,0,0
51081,shirt,shirt,en,asl,0,0,0
51056,shirt,shirt,en,asl,0,0,0
51058,shirt,shirt,en,asl,0,0,0
51059,shirt,shirt,en,asl,0,0,0
51060,shirt,shirt,en,asl,0,0,0
51061,shirt,shirt,en,asl,0,0,0
51063,shirt,shirt,en,asl,0,0,0
51064,shirt,shirt,en,asl,0,0,0
51066,shirt,shirt,en,asl,0,0,0
51067,shirt,shirt,en,asl,0,0,0
51068,shirt,shirt,en,asl,0,0,0
55364,study,study,en,asl,0,0,0
55365,study,study,en,asl,0,0,0
55366,study,study,en,asl,0,0,0
55367,study,study,en,asl,0,0,0
55368,study,study,en,asl,0,0,0
55369,study,study,en,asl,0,0,0
66575,study,study,en,asl,0,0,0
55361,study,study,en,asl,0,0,0
55374,study,study,en,asl,0,0,0
55375,study,study,en,asl,0,0,0
55362,study,study,en,asl,0,0,0
55363,study,study,en,asl,0,0,0
56851,tall,tall,en,asl,0,0,0
56852,tall,tall,en,asl,0,0,0
56838,tall,tall,en,asl,0,0,0
56839,tall,tall,en,asl,0,0,0
56840,tall,tall,en,asl,0,0,0
56841,tall,tall,en,asl,0,0,0
56842,tall,tall,en,asl,0,0,0
56843,tall,tall,en,asl,0,0,0
56844,tall,tall,en,asl,0,0,0
56845,tall,tall,en,asl,0,0,0
66591,tall,tall,en,asl,0,0,0
56846,tall,tall,en,asl,0,0,0
66592,tall,tall,en,asl,0,0,0
56837,tall,tall,en,asl,0,0,0
56848,tall,tall,en,asl,0,0,0
69533,white,white,en,asl,0,0,0
63204,white,white,en,asl,0,0,0
63205,white,white,en,asl,0,0,0
63206,white,white,en,asl,0,0,0
63207,white,white,en,asl,0,0,0
63208,white,white,en,asl,0,0,0
63200,white,white,en,asl,0,0,0
63213,white,white,en,asl,0,0,0
63214,white,white,en,asl,0,0,0
63201,white,white,en,asl,0,0,0
63202,white,white,en,asl,0,0,0
63203,white,white,en,asl,0,0,0
64087,wrong,wrong,en,asl,0,0,0
64088,wrong,wrong,en,asl,0,0,0
64089,wrong,wrong,en,asl,0,0,0
64090,wrong,wrong,en,asl,0,0,0
64091,wrong,wrong,en,asl,0,0,0
64084,wrong,wrong,en,asl,0,0,0
64096,wrong,wrong,en,asl,0,0,0
64097,wrong,wrong,en,asl,0,0,0
64085,wrong,wrong,en,asl,0,0,0
64086,wrong,wrong,en,asl,0,0,0
00639,accident,accident,en,asl,0,0,0
00624,accident,accident,en,asl,0,0,0
00625,accident,accident,en,asl,0,0,0
00626,accident,accident,en,asl,0,0,0
00627,accident,accident,en,asl,0,0,0
00628,accident,accident,en,asl,0,0,0
00629,accident,accident,en,asl,0,0,0
00630,accident,accident,en,asl,0,0,0
00631,accident,accident,en,asl,0,0,0
00632,accident,accident,en,asl,0,0,0
65009,accident,accident,en,asl,0,0,0
00623,accident,accident,en,asl,0,0,0
00633,accident,accident,en,asl,0,0,0
00634,accident,accident,en,asl,0,0,0
00636,accident,accident,en,asl,0,0,0
00638,accident,accident,en,asl,0,0,0
69213,apple,apple,en,asl,0,0,0
03004,apple,apple,en,asl,0,0,0
03005,apple,apple,en,asl,0,0,0
03007,apple,apple,en,asl,0,0,0
03008,apple,apple,en,asl,0,0,0
65085,apple,apple,en,asl,0,0,0
65086,apple,apple,en,asl,0,0,0
65084,apple,apple,en,asl,0,0,0
02999,apple,apple,en,asl,0,0,0
03000,apple,apple,en,asl,0,0,0
03001,apple,apple,en,asl,0,0,0
03002,apple,apple,en,asl,0,0,0
03003,apple,apple,en,asl,0,0,0
69233,bird,bird,en,asl,0,0,0
06333,bird,bird,en,asl,0,0,0
06334,bird,bird,en,asl,0,0,0
06335,bird,bird,en,asl,0,0,0
06336,bird,bird,en,asl,0,0,0
06337,bird,bird,en,asl,0,0,0
65187,bird,bird,en,asl,0,0,0
06330,bird,bird,en,asl,0,0,0
06342,bird,bird,en,asl,0,0,0
06343,bird,bird,en,asl,0,0,0
06331,bird,bird,en,asl,0,0,0
06332,bird,bird,en,asl,0,0,0
09966,change,change,en,asl,0,0,0
09967,change,change,en,asl,0,0,0
09950,change,change,en,asl,0,0,0
09969,change,change,en,asl,0,0,0
09970,change,change,en,asl,0,0,0
09953,change,change,en,asl,0,0,0
09954,change,change,en,asl,0,0,0
65332,change,change,en,asl,0,0,0
09955,change,change,en,asl,0,0,0
09956,change,change,en,asl,0,0,0
09957,change,change,en,asl,0,0,0
09949,change,change,en,asl,0,0,0
09960,change,change,en,asl,0,0,0
09961,change,change,en,asl,0,0,0
09962,change,change,en,asl,0,0,0
09963,change,change,en,asl,0,0,0
69274,color,color,en,asl,0,0,0
11771,color,color,en,asl,0,0,0
11772,color,color,en,asl,0,0,0
11773,color,color,en,asl,0,0,0
11767,color,color,en,asl,0,0,0
11779,color,color,en,asl,0,0,0
11780,color,color,en,asl,0,0,0
11768,color,color,en,asl,0,0,0
11769,color,color,en,asl,0,0,0
11770,color,color,en,asl,0,0,0
69282,corn,corn,en,asl,0,0,0
13337,corn,corn,en,asl,0,0,0
13325,corn,corn,en,asl,0,0,0
13326,corn,corn,en,asl,0,0,0
13327,corn,corn,en,asl,0,0,0
13328,corn,corn,en,asl,0,0,0
13329,corn,corn,en,asl,0,0,0
13330,corn,corn,en,asl,0,0,0
13331,corn,corn,en,asl,0,0,0
65408,corn,corn,en,asl,0,0,0
65409,corn,corn,en,asl,0,0,0
13323,corn,corn,en,asl,0,0,0
13333,corn,corn,en,asl,0,0,0
13334,corn,corn,en,asl,0,0,0
13335,corn,corn,en,asl,0,0,0
13336,corn,corn,en,asl,0,0,0
69283,cow,cow,en,asl,0,0,0
13697,cow,cow,en,asl,0,0,0
13698,cow,cow,en,asl,0,0,0
13699,cow,cow,en,asl,0,0,0
13700,cow,cow,en,asl,0,0,0
13701,cow,cow,en,asl,0,0,0
13702,cow,cow,en,asl,0,0,0
13703,cow,cow,en,asl,0,0,0
13695,cow,cow,en,asl,0,0,0
13709,cow,cow,en,asl,0,0,0
13710,cow,cow,en,asl,0,0,0
13696,cow,cow,en,asl,0,0,0
14626,dance,dance,en,asl,0,0,0
14627,dance,dance,en,asl,0,0,0
65434,dance,dance,en,asl,0,0,0
14632,dance,dance,en,asl,0,0,0
14633,dance,dance,en,asl,0,0,0
14622,dance,dance,en,asl,0,0,0
14623,dance,dance,en,asl,0,0,0
14624,dance,dance,en,asl,0,0,0
14625,dance,dance,en,asl,0,0,0
69290,dark,dark,en,asl,0,0,0
14673,dark,dark,en,asl,0,0,0
14674,dark,dark,en,asl,0,0,0
14675,dark,dark,en,asl,0,0,0
14676,dark,dark,en,asl,0,0,0
14677,dark,dark,en,asl,0,0,0
14678,dark,dark,en,asl,0,0,0
14679,dark,dark,en,asl,0,0,0
14680,dark,dark,en,asl,0,0,0
65439,dark,dark,en,asl,0,0,0
65440,dark,dark,en,asl,0,0,0
14671,dark,dark,en,asl,0,0,0
14681,dark,dark,en,asl,0,0,0
14684,dark,dark,en,asl,0,0,0
14685,dark,dark,en,asl,0,0,0
14672,dark,dark,en,asl,0,0,0
17015,doctor,doctor,en,asl,0,0,0
17016,doctor,doctor,en,asl,0,0,0
17017,doctor,doctor,en,asl,0,0,0
17018,doctor,doctor,en,asl,0,0,0
17019,doctor,doctor,en,asl,0,0,0
17020,doctor,doctor,en,asl,0,0,0
65503,doctor,doctor,en,asl,0,0,0
65504,doctor,doctor,en,asl,0,0,0
17013,doctor,doctor,en,asl,0,0,0
17024,doctor,doctor,en,asl,0,0,0
17025,doctor,doctor,en,asl,0,0,0
17026,doctor,doctor,en,asl,0,0,0
17014,doctor,doctor,en,asl,0,0,0
69307,eat,eat,en,asl,0,0,0
18326,eat,eat,en,asl,0,0,0
18328,eat,eat,en,asl,0,0,0
18329,eat,eat,en,asl,0,0,0
65601,eat,eat,en,asl,0,0,0
18323,eat,eat,en,asl,0,0,0
18334,eat,eat,en,asl,0,0,0
18335,eat,eat,en,asl,0,0,0
18324,eat,eat,en,asl,0,0,0
18325,eat,eat,en,asl,0,0,0
19261,enjoy,enjoy,en,asl,0,0,0
19262,enjoy,enjoy,en,asl,0,0,0
19263,enjoy,enjoy,en,asl,0,0,0
19264,enjoy,enjoy,en,asl,0,0,0
65635,enjoy,enjoy,en,asl,0,0,0
19257,enjoy,enjoy,en,asl,0,0,0
19268,enjoy,enjoy,en,asl,0,0,0
19269,enjoy,enjoy,en,asl,0,0,0
19258,enjoy,enjoy,en,asl,0,0,0
19259,enjoy,enjoy,en,asl,0,0,0
19260,enjoy,enjoy,en,asl,0,0,0
65761,forget,forget,en,asl,0,0,0
22954,forget,forget,en,asl,0,0,0
22955,forget,forget,en,asl,0,0,0
22956,forget,forget,en,asl,0,0,0
22959,forget,forget,en,asl,0,0,0
22960,forget,forget,en,asl,0,0,0
22966,forget,forget,en,asl,0,0,0
22967,forget,forget,en,asl,0,0,0
22952,forget,forget,en,asl,0,0,0
22953,forget,forget,en,asl,0,0,0
69343,give,give,en,asl,0,0,0
24659,give,give,en,asl,0,0,0
24660,give,give,en,asl,0,0,0
24638,give,give,en,asl,0,0,0
24639,give,give,en,asl,0,0,0
24640,give,give,en,asl,0,0,0
24641,give,give,en,asl,0,0,0
24642,give,give,en,asl,0,0,0
24643,give,give,en,asl,0,0,0
24645,give,give,en,asl,0,0,0
24636,give,give,en,asl,0,0,0
24648,give,give,en,asl,0,0,0
24649,give,give,en,asl,0,0,0
24651,give,give,en,asl,0,0,0
66010,last,last,en,asl,0,0,0
32263,last,last,en,asl,0,0,0
32248,last,last,en,asl,0,0,0
32249,last,last,en,asl,0,0,0
32250,last,last,en,asl,0,0,0
32251,last,last,en,asl,0,0,0
32252,last,last,en,asl,0,0,0
32253,last,last,en,asl,0,0,0
32254,last,last,en,asl,0,0,0
32255,last,last,en,asl,0,0,0
32246,last,last,en,asl,0,0,0
32257,last,last,en,asl,0,0,0
32259,last,last,en,asl,0,0,0
32260,last,last,en,asl,0,0,0
32261,last,last,en,asl,0,0,0
35511,meet,meet,en,asl,0,0,0
35512,meet,meet,en,asl,0,0,0
35513,meet,meet,en,asl,0,0,0
35514,meet,meet,en,asl,0,0,0
35515,meet,meet,en,asl,0,0,0
35516,meet,meet,en,asl,0,0,0
35517,meet,meet,en,asl,0,0,0
35518,meet,meet,en,asl,0,0,0
66112,meet,meet,en,asl,0,0,0
35509,meet,meet,en,asl,0,0,0
35522,meet,meet,en,asl,0,0,0
35523,meet,meet,en,asl,0,0,0
69430,pink,pink,en,asl,0,0,0
42831,pink,pink,en,asl,0,0,0
42832,pink,pink,en,asl,0,0,0
42833,pink,pink,en,asl,0,0,0
42835,pink,pink,en,asl,0,0,0
42836,pink,pink,en,asl,0,0,0
66296,pink,pink,en,asl,0,0,0
42829,pink,pink,en,asl,0,0,0
42842,pink,pink,en,asl,0,0,0
42843,pink,pink,en,asl,0,0,0
42830,pink,pink,en,asl,0,0,0
69431,pizza,pizza,en,asl,0,0,0
42976,pizza,pizza,en,asl,0,0,0
42977,pizza,pizza,en,asl,0,0,0
42958,pizza,pizza,en,asl,0,0,0
42959,pizza,pizza,en,asl,0,0,0
42960,pizza,pizza,en,asl,0,0,0
42961,pizza,pizza,en,asl,0,0,0
66297,pizza,pizza,en,asl,0,0,0
42962,pizza,pizza,en,asl,0,0,0
42963,pizza,pizza,en,asl,0,0,0
42964,pizza,pizza,en,asl,0,0,0
42956,pizza,pizza,en,asl,0,0,0
42966,pizza,pizza,en,asl,0,0,0
42967,pizza,pizza,en,asl,0,0,0
42969,pizza,pizza,en,asl,0,0,0
69433,play,play,en,asl,0,0,0
43166,play,play,en,asl,0,0,0
43170,play,play,en,asl,0,0,0
43171,play,play,en,asl,0,0,0
43172,play,play,en,asl,0,0,0
43173,play,play,en,asl,0,0,0
43174,play,play,en,asl,0,0,0
43177,play,play,en,asl,0,0,0
43178,play,play,en,asl,0,0,0
43179,play,play,en,asl,0,0,0
43180,play,play,en,asl,0,0,0
43167,play,play,en,asl,0,0,0
43168,play,play,en,asl,0,0,0
43169,play,play,en,asl,0,0,0
69455,school,school,en,asl,0,0,0
49601,school,school,en,asl,0,0,0
49602,school,school,en,asl,0,0,0
49604,school,school,en,asl,0,0,0
49595,school,school,en,asl,0,0,0
49605,school,school,en,asl,0,0,0
49606,school,school,en,asl,0,0,0
49596,school,school,en,asl,0,0,0
49597,school,school,en,asl,0,0,0
49598,school,school,en,asl,0,0,0
49599,school,school,en,asl,0,0,0
49600,school,school,en,asl,0,0,0
50037,secretary,secretary,en,asl,0,0,0
50038,secretary,secretary,en,asl,0,0,0
50039,secretary,secretary,en,asl,0,0,0
50040,secretary,secretary,en,asl,0,0,0
50041,secretary,secretary,en,asl,0,0,0
50042,secretary,secretary,en,asl,0,0,0
50043,secretary,secretary,en,asl,0,0,0
50044,secretary,secretary,en,asl,0,0,0
50045,secretary,secretary,en,asl,0,0,0
66441,secretary,secretary,en,asl,0,0,0
50046,secretary,secretary,en,asl,0,0,0
50051,secretary,secretary,en,asl,0,0,0
50052,secretary,secretary,en,asl,0,0,0
51221,short,short,en,asl,0,0,0
51223,short,short,en,asl,0,0,0
51224,short,short,en,asl,0,0,0
51225,short,short,en,asl,0,0,0
51226,short,short,en,asl,0,0,0
51227,short,short,en,asl,0,0,0
51228,short,short,en,asl,0,0,0
51229,short,short,en,asl,0,0,0
66469,short,short,en,asl,0,0,0
51220,short,short,en,asl,0,0,0
51230,short,short,en,asl,0,0,0
51231,short,short,en,asl,0,0,0
51232,short,short,en,asl,0,0,0
51233,short,short,en,asl,0,0,0
51234,short,short,en,asl,0,0,0
51235,short,short,en,asl,0,0,0
51236,short,short,en,asl,0,0,0
69511,time,time,en,asl,0,0,0
58502,time,time,en,asl,0,0,0
58503,time,time,en,asl,0,0,0
58505,time,time,en,asl,0,0,0
58506,time,time,en,asl,0,0,0
66644,time,time,en,asl,0,0,0
58497,time,time,en,asl,0,0,0
58507,time,time,en,asl,0,0,0
58508,time,time,en,asl,0,0,0
58498,time,time,en,asl,0,0,0
58499,time,time,en,asl,0,0,0
58500,time,time,en,asl,0,0,0
58501,time,time,en,asl,0,0,0
69524,want,want,en,asl,0,0,0
62246,want,want,en,asl,0,0,0
62247,want,want,en,asl,0,0,0
62248,want,want,en,asl,0,0,0
62249,want,want,en,asl,0,0,0
62250,want,want,en,asl,0,0,0
62251,want,want,en,asl,0,0,0
62244,want,want,en,asl,0,0,0
62258,want,want,en,asl,0,0,0
62259,want,want,en,asl,0,0,0
62245,want,want,en,asl,0,0,0
63805,work,work,en,asl,0,0,0
63806,work,work,en,asl,0,0,0
63789,work,work,en,asl,0,0,0
63790,work,work,en,asl,0,0,0
63791,work,work,en,asl,0,0,0
63792,work,work,en,asl,0,0,0
63793,work,work,en,asl,0,0,0
63794,work,work,en,asl,0,0,0
63795,work,work,en,asl,0,0,0
66804,work,work,en,asl,0,0,0
63788,work,work,en,asl,0,0,0
63799,work,work,en,asl,0,0,0
01383,africa,africa,en,asl,0,0,0
01384,africa,africa,en,asl,0,0,0
01385,africa,africa,en,asl,0,0,0
01386,africa,africa,en,asl,0,0,0
01387,africa,africa,en,asl,0,0,0
01388,africa,africa,en,asl,0,0,0
01390,africa,africa,en,asl,0,0,0
01391,africa,africa,en,asl,0,0,0
65029,africa,africa,en,asl,0,0,0
01396,africa,africa,en,asl,0,0,0
01397,africa,africa,en,asl,0,0,0
01398,africa,africa,en,asl,0,0,0
69225,basketball,basketball,en,asl,0,0,0
05230,basketball,basketball,en,asl,0,0,0
05231,basketball,basketball,en,asl,0,0,0
05232,basketball,basketball,en,asl,0,0,0
05233,basketball,basketball,en,asl,0,0,0
05234,basketball,basketball,en,asl,0,0,0
05236,basketball,basketball,en,asl,0,0,0
05237,basketball,basketball,en,asl,0,0,0
05238,basketball,basketball,en,asl,0,0,0
65144,basketball,basketball,en,asl,0,0,0
65145,basketball,basketball,en,asl,0,0,0
05229,basketball,basketball,en,asl,0,0,0
05239,basketball,basketball,en,asl,0,0,0
05243,basketball,basketball,en,asl,0,0,0
65192,birthday,birthday,en,asl,0,0,0
06365,birthday,birthday,en,asl,0,0,0
06359,birthday,birthday,en,asl,0,0,0
06370,birthday,birthday,en,asl,0,0,0
06371,birthday,birthday,en,asl,0,0,0
06360,birthday,birthday,en,asl,0,0,0
06361,birthday,birthday,en,asl,0,0,0
06362,birthday,birthday,en,asl,0,0,0
06363,birthday,birthday,en,asl,0,0,0
69252,brown,brown,en,asl,0,0,0
07963,brown,brown,en,asl,0,0,0
07964,brown,brown,en,asl,0,0,0
07966,brown,brown,en,asl,0,0,0
65263,brown,brown,en,asl,0,0,0
07960,brown,brown,en,asl,0,0,0
07972,brown,brown,en,asl,0,0,0
07973,brown,brown,en,asl,0,0,0
07961,brown,brown,en,asl,0,0,0
07962,brown,brown,en,asl,0,0,0
08427,but,but,en,asl,0,0,0
08428,but,but,en,asl,0,0,0
08429,but,but,en,asl,0,0,0
08431,but,but,en,asl,0,0,0
65278,but,but,en,asl,0,0,0
08424,but,but,en,asl,0,0,0
08436,but,but,en,asl,0,0,0
08437,but,but,en,asl,0,0,0
08425,but,but,en,asl,0,0,0
08426,but,but,en,asl,0,0,0
10162,cheat,cheat,en,asl,0,0,0
10164,cheat,cheat,en,asl,0,0,0
10147,cheat,cheat,en,asl,0,0,0
10166,cheat,cheat,en,asl,0,0,0
10148,cheat,cheat,en,asl,0,0,0
10149,cheat,cheat,en,asl,0,0,0
65341,cheat,cheat,en,asl,0,0,0
10151,cheat,cheat,en,asl,0,0,0
65342,cheat,cheat,en,asl,0,0,0
10156,cheat,cheat,en,asl,0,0,0
10157,cheat,cheat,en,asl,0,0,0
10158,cheat,cheat,en,asl,0,0,0
10159,cheat,cheat,en,asl,0,0,0
69269,city,city,en,asl,0,0,0
10895,city,city,en,asl,0,0,0
10896,city,city,en,asl,0,0,0
10898,city,city,en,asl,0,0,0
65362,city,city,en,asl,0,0,0
65363,city,city,en,asl,0,0,0
10892,city,city,en,asl,0,0,0
10903,city,city,en,asl,0,0,0
10904,city,city,en,asl,0,0,0
10893,city,city,en,asl,0,0,0
10894,city,city,en,asl,0,0,0
13158,cook,cook,en,asl,0,0,0
13159,cook,cook,en,asl,0,0,0
13160,cook,cook,en,asl,0,0,0
13161,cook,cook,en,asl,0,0,0
13166,cook,cook,en,asl,0,0,0
13167,cook,cook,en,asl,0,0,0
13168,cook,cook,en,asl,0,0,0
13155,cook,cook,en,asl,0,0,0
13156,cook,cook,en,asl,0,0,0
13157,cook,cook,en,asl,0,0,0
15034,decide,decide,en,asl,0,0,0
15035,decide,decide,en,asl,0,0,0
15036,decide,decide,en,asl,0,0,0
15037,decide,decide,en,asl,0,0,0
15038,decide,decide,en,asl,0,0,0
65449,decide,decide,en,asl,0,0,0
65450,decide,decide,en,asl,0,0,0
15042,decide,decide,en,asl,0,0,0
15043,decide,decide,en,asl,0,0,0
15032,decide,decide,en,asl,0,0,0
15033,decide,decide,en,asl,0,0,0
65792,full,full,en,asl,0,0,0
23782,full,full,en,asl,0,0,0
23771,full,full,en,asl,0,0,0
23772,full,full,en,asl,0,0,0
23773,full,full,en,asl,0,0,0
23774,full,full,en,asl,0,0,0
23775,full,full,en,asl,0,0,0
23766,full,full,en,asl,0,0,0
23776,full,full,en,asl,0,0,0
23780,full,full,en,asl,0,0,0
23767,full,full,en,asl,0,0,0
23768,full,full,en,asl,0,0,0
23769,full,full,en,asl,0,0,0
69370,how,how,en,asl,0,0,0
28205,how,how,en,asl,0,0,0
28206,how,how,en,asl,0,0,0
28207,how,how,en,asl,0,0,0
28208,how,how,en,asl,0,0,0
28210,how,how,en,asl,0,0,0
28201,how,how,en,asl,0,0,0
28211,how,how,en,asl,0,0,0
28213,how,how,en,asl,0,0,0
28214,how,how,en,asl,0,0,0
28202,how,how,en,asl,0,0,0
28203,how,how,en,asl,0,0,0
28204,how,how,en,asl,0,0,0
30847,jacket,jacket,en,asl,0,0,0
30848,jacket,jacket,en,asl,0,0,0
30849,jacket,jacket,en,asl,0,0,0
30831,jacket,jacket,en,asl,0,0,0
30832,jacket,jacket,en,asl,0,0,0
30833,jacket,jacket,en,asl,0,0,0
30834,jacket,jacket,en,asl,0,0,0
30835,jacket,jacket,en,asl,0,0,0
30837,jacket,jacket,en,asl,0,0,0
30838,jacket,jacket,en,asl,0,0,0
30840,jacket,jacket,en,asl,0,0,0
66038,letter,letter,en,asl,0,0,0
32948,letter,letter,en,asl,0,0,0
32949,letter,letter,en,asl,0,0,0
32950,letter,letter,en,asl,0,0,0
32951,letter,letter,en,asl,0,0,0
32953,letter,letter,en,asl,0,0,0
32954,letter,letter,en,asl,0,0,0
32945,letter,letter,en,asl,0,0,0
32955,letter,letter,en,asl,0,0,0
32957,letter,letter,en,asl,0,0,0
32959,letter,letter,en,asl,0,0,0
32946,letter,letter,en,asl,0,0,0
32947,letter,letter,en,asl,0,0,0
66111,medicine,medicine,en,asl,0,0,0
35454,medicine,medicine,en,asl,0,0,0
35455,medicine,medicine,en,asl,0,0,0
35456,medicine,medicine,en,asl,0,0,0
35457,medicine,medicine,en,asl,0,0,0
35458,medicine,medicine,en,asl,0,0,0
35452,medicine,medicine,en,asl,0,0,0
35464,medicine,medicine,en,asl,0,0,0
35465,medicine,medicine,en,asl,0,0,0
35466,medicine,medicine,en,asl,0,0,0
35467,medicine,medicine,en,asl,0,0,0
35453,medicine,medicine,en,asl,0,0,0
37885,need,need,en,asl,0,0,0
37886,need,need,en,asl,0,0,0
37881,need,need,en,asl,0,0,0
37893,need,need,en,asl,0,0,0
37894,need,need,en,asl,0,0,0
37882,need,need,en,asl,0,0,0
37883,need,need,en,asl,0,0,0
37884,need,need,en,asl,0,0,0
40838,paint,paint,en,asl,0,0,0
40839,paint,paint,en,asl,0,0,0
40840,paint,paint,en,asl,0,0,0
40841,paint,paint,en,asl,0,0,0
40834,paint,paint,en,asl,0,0,0
40846,paint,paint,en,asl,0,0,0
40847,paint,paint,en,asl,0,0,0
40835,paint,paint,en,asl,0,0,0
40836,paint,paint,en,asl,0,0,0
40837,paint,paint,en,asl,0,0,0
41030,paper,paper,en,asl,0,0,0
41031,paper,paper,en,asl,0,0,0
41032,paper,paper,en,asl,0,0,0
41025,paper,paper,en,asl,0,0,0
41036,paper,paper,en,asl,0,0,0
41037,paper,paper,en,asl,0,0,0
41026,paper,paper,en,asl,0,0,0
41027,paper,paper,en,asl,0,0,0
41028,paper,paper,en,asl,0,0,0
41029,paper,paper,en,asl,0,0,0
69439,pull,pull,en,asl,0,0,0
45265,pull,pull,en,asl,0,0,0
45266,pull,pull,en,asl,0,0,0
45267,pull,pull,en,asl,0,0,0
66351,pull,pull,en,asl,0,0,0
45261,pull,pull,en,asl,0,0,0
45272,pull,pull,en,asl,0,0,0
45273,pull,pull,en,asl,0,0,0
45262,pull,pull,en,asl,0,0,0
45263,pull,pull,en,asl,0,0,0
45264,pull,pull,en,asl,0,0,0
69440,purple,purple,en,asl,0,0,0
45438,purple,purple,en,asl,0,0,0
66355,purple,purple,en,asl,0,0,0
45442,purple,purple,en,asl,0,0,0
45443,purple,purple,en,asl,0,0,0
45433,purple,purple,en,asl,0,0,0
45434,purple,purple,en,asl,0,0,0
45435,purple,purple,en,asl,0,0,0
45436,purple,purple,en,asl,0,0,0
45437,purple,purple,en,asl,0,0,0
48122,right,right,en,asl,0,0,0
48123,right,right,en,asl,0,0,0
48105,right,right,en,asl,0,0,0
48124,right,right,en,asl,0,0,0
48126,right,right,en,asl,0,0,0
48106,right,right,en,asl,0,0,0
48107,right,right,en,asl,0,0,0
48108,right,right,en,asl,0,0,0
48109,right,right,en,asl,0,0,0
48111,right,right,en,asl,0,0,0
48112,right,right,en,asl,0,0,0
48114,right,right,en,asl,0,0,0
48115,right,right,en,asl,0,0,0
49173,same,same,en,asl,0,0,0
49175,same,same,en,asl,0,0,0
49176,same,same,en,asl,0,0,0
49178,same,same,en,asl,0,0,0
49179,same,same,en,asl,0,0,0
49180,same,same,en,asl,0,0,0
49181,same,same,en,asl,0,0,0
49182,same,same,en,asl,0,0,0
49183,same,same,en,asl,0,0,0
49187,same,same,en,asl,0,0,0
49188,same,same,en,asl,0,0,0
49174,same,same,en,asl,0,0,0
53272,son,son,en,asl,0,0,0
53273,son,son,en,asl,0,0,0
53274,son,son,en,asl,0,0,0
53275,son,son,en,asl,0,0,0
66531,son,son,en,asl,0,0,0
66532,son,son,en,asl,0,0,0
53268,son,son,en,asl,0,0,0
53278,son,son,en,asl,0,0,0
53279,son,son,en,asl,0,0,0
53269,son,son,en,asl,0,0,0
53270,son,son,en,asl,0,0,0
53271,son,son,en,asl,0,0,0
57278,tell,tell,en,asl,0,0,0
57279,tell,tell,en,asl,0,0,0
57280,tell,tell,en,asl,0,0,0
57281,tell,tell,en,asl,0,0,0
57282,tell,tell,en,asl,0,0,0
57283,tell,tell,en,asl,0,0,0
57284,tell,tell,en,asl,0,0,0
57285,tell,tell,en,asl,0,0,0
57276,tell,tell,en,asl,0,0,0
57286,tell,tell,en,asl,0,0,0
57287,tell,tell,en,asl,0,0,0
57290,tell,tell,en,asl,0,0,0
57291,tell,tell,en,asl,0,0,0
57277,tell,tell,en,asl,0,0,0
58362,thursday,thursday,en,asl,0,0,0
58363,thursday,thursday,en,asl,0,0,0
58364,thursday,thursday,en,asl,0,0,0
58365,thursday,thursday,en,asl,0,0,0
58366,thursday,thursday,en,asl,0,0,0
66637,thursday,thursday,en,asl,0,0,0
66638,thursday,thursday,en,asl,0,0,0
66639,thursday,thursday,en,asl,0,0,0
66640,thursday,thursday,en,asl,0,0,0
58369,thursday,thursday,en,asl,0,0,0
58370,thursday,thursday,en,asl,0,0,0
58360,thursday,thursday,en,asl,0,0,0
58361,thursday,thursday,en,asl,0,0,0
61807,visit,visit,en,asl,0,0,0
61808,visit,visit,en,asl,0,0,0
61809,visit,visit,en,asl,0,0,0
61810,visit,visit,en,asl,0,0,0
61811,visit,visit,en,asl,0,0,0
61812,visit,visit,en,asl,0,0,0
66731,visit,visit,en,asl,0,0,0
61818,visit,visit,en,asl,0,0,0
61819,visit,visit,en,asl,0,0,0
61805,visit,visit,en,asl,0,0,0
61806,visit,visit,en,asl,0,0,0
62113,wait,wait,en,asl,0,0,0
62098,wait,wait,en,asl,0,0,0
62100,wait,wait,en,asl,0,0,0
62101,wait,wait,en,asl,0,0,0
62102,wait,wait,en,asl,0,0,0
62103,wait,wait,en,asl,0,0,0
62104,wait,wait,en,asl,0,0,0
62105,wait,wait,en,asl,0,0,0
62106,wait,wait,en,asl,0,0,0
66740,wait,wait,en,asl,0,0,0
62097,wait,wait,en,asl,0,0,0
62107,wait,wait,en,asl,0,0,0
62112,wait,wait,en,asl,0,0,0
62504,water,water,en,asl,0,0,0
62505,water,water,en,asl,0,0,0
62506,water,water,en,asl,0,0,0
66752,water,water,en,asl,0,0,0
62499,water,water,en,asl,0,0,0
62509,water,water,en,asl,0,0,0
62510,water,water,en,asl,0,0,0
62500,water,water,en,asl,0,0,0
62501,water,water,en,asl,0,0,0
62502,water,water,en,asl,0,0,0
62503,water,water,en,asl,0,0,0
63329,wife,wife,en,asl,0,0,0
63330,wife,wife,en,asl,0,0,0
63331,wife,wife,en,asl,0,0,0
63332,wife,wife,en,asl,0,0,0
66784,wife,wife,en,asl,0,0,0
66785,wife,wife,en,asl,0,0,0
63336,wife,wife,en,asl,0,0,0
63337,wife,wife,en,asl,0,0,0
63326,wife,wife,en,asl,0,0,0
63327,wife,wife,en,asl,0,0,0
63328,wife,wife,en,asl,0,0,0
69545,yellow,yellow,en,asl,0,0,0
64266,yellow,yellow,en,asl,0,0,0
66819,yellow,yellow,en,asl,0,0,0
64270,yellow,yellow,en,asl,0,0,0
64271,yellow,yellow,en,asl,0,0,0
64261,yellow,yellow,en,asl,0,0,0
64262,yellow,yellow,en,asl,0,0,0
64263,yellow,yellow,en,asl,0,0,0
64264,yellow,yellow,en,asl,0,0,0
64265,yellow,yellow,en,asl,0,0,0
04618,backpack,backpack,en,asl,0,0,0
04619,backpack,backpack,en,asl,0,0,0
04620,backpack,backpack,en,asl,0,0,0
04621,backpack,backpack,en,asl,0,0,0
04622,backpack,backpack,en,asl,0,0,0
04624,backpack,backpack,en,asl,0,0,0
65123,backpack,backpack,en,asl,0,0,0
04616,backpack,backpack,en,asl,0,0,0
04630,backpack,backpack,en,asl,0,0,0
04631,backpack,backpack,en,asl,0,0,0
04617,backpack,backpack,en,asl,0,0,0
65137,bar,bar,en,asl,0,0,0
05103,bar,bar,en,asl,0,0,0
05086,bar,bar,en,asl,0,0,0
05087,bar,bar,en,asl,0,0,0
05088,bar,bar,en,asl,0,0,0
05089,bar,bar,en,asl,0,0,0
05090,bar,bar,en,asl,0,0,0
05092,bar,bar,en,asl,0,0,0
05093,bar,bar,en,asl,0,0,0
05095,bar,bar,en,asl,0,0,0
05097,bar,bar,en,asl,0,0,0
05098,bar,bar,en,asl,0,0,0
05101,bar,bar,en,asl,0,0,0
05102,bar,bar,en,asl,0,0,0
69251,brother,brother,en,asl,0,0,0
07937,brother,brother,en,asl,0,0,0
07938,brother,brother,en,asl,0,0,0
07939,brother,brother,en,asl,0,0,0
07940,brother,brother,en,asl,0,0,0
65262,brother,brother,en,asl,0,0,0
07932,brother,brother,en,asl,0,0,0
07942,brother,brother,en,asl,0,0,0
07943,brother,brother,en,asl,0,0,0
07933,brother,brother,en,asl,0,0,0
07934,brother,brother,en,asl,0,0,0
07935,brother,brother,en,asl,0,0,0
07936,brother,brother,en,asl,0,0,0
69261,cat,cat,en,asl,0,0,0
09528,cat,cat,en,asl,0,0,0
09530,cat,cat,en,asl,0,0,0
09531,cat,cat,en,asl,0,0,0
09532,cat,cat,en,asl,0,0,0
09533,cat,cat,en,asl,0,0,0
65312,cat,cat,en,asl,0,0,0
65313,cat,cat,en,asl,0,0,0
09525,cat,cat,en,asl,0,0,0
09537,cat,cat,en,asl,0,0,0
09538,cat,cat,en,asl,0,0,0
09526,cat,cat,en,asl,0,0,0
65343,check,check,en,asl,0,0,0
10184,check,check,en,asl,0,0,0
10185,check,check,en,asl,0,0,0
10186,check,check,en,asl,0,0,0
10187,check,check,en,asl,0,0,0
10188,check,check,en,asl,0,0,0
10189,check,check,en,asl,0,0,0
10190,check,check,en,asl,0,0,0
10192,check,check,en,asl,0,0,0
10183,check,check,en,asl,0,0,0
10196,check,check,en,asl,0,0,0
10197,check,check,en,asl,0,0,0
10199,check,check,en,asl,0,0,0
69270,class,class,en,asl,0,0,0
10975,class,class,en,asl,0,0,0
10976,class,class,en,asl,0,0,0
65364,class,class,en,asl,0,0,0
10967,class,class,en,asl,0,0,0
10968,class,class,en,asl,0,0,0
10969,class,class,en,asl,0,0,0
10970,class,class,en,asl,0,0,0
10971,class,class,en,asl,0,0,0
10972,class,class,en,asl,0,0,0
10973,class,class,en,asl,0,0,0
14190,cry,cry,en,asl,0,0,0
14175,cry,cry,en,asl,0,0,0
14176,cry,cry,en,asl,0,0,0
14177,cry,cry,en,asl,0,0,0
14178,cry,cry,en,asl,0,0,0
14179,cry,cry,en,asl,0,0,0
14180,cry,cry,en,asl,0,0,0
14182,cry,cry,en,asl,0,0,0
14183,cry,cry,en,asl,0,0,0
65427,cry,cry,en,asl,0,0,0
14174,cry,cry,en,asl,0,0,0
14187,cry,cry,en,asl,0,0,0
14188,cry,cry,en,asl,0,0,0
16195,different,different,en,asl,0,0,0
16196,different,different,en,asl,0,0,0
16197,different,different,en,asl,0,0,0
16198,different,different,en,asl,0,0,0
65480,different,different,en,asl,0,0,0
16202,different,different,en,asl,0,0,0
16203,different,different,en,asl,0,0,0
16191,different,different,en,asl,0,0,0
16192,different,different,en,asl,0,0,0
16193,different,different,en,asl,0,0,0
16194,different,different,en,asl,0,0,0
17327,door,door,en,asl,0,0,0
17329,door,door,en,asl,0,0,0
17330,door,door,en,asl,0,0,0
65520,door,door,en,asl,0,0,0
17324,door,door,en,asl,0,0,0
17335,door,door,en,asl,0,0,0
17336,door,door,en,asl,0,0,0
17325,door,door,en,asl,0,0,0
17326,door,door,en,asl,0,0,0
69353,green,green,en,asl,0,0,0
25694,green,green,en,asl,0,0,0
65854,green,green,en,asl,0,0,0
25685,green,green,en,asl,0,0,0
25695,green,green,en,asl,0,0,0
25686,green,green,en,asl,0,0,0
25687,green,green,en,asl,0,0,0
25688,green,green,en,asl,0,0,0
25689,green,green,en,asl,0,0,0
26173,hair,hair,en,asl,0,0,0
26174,hair,hair,en,asl,0,0,0
26158,hair,hair,en,asl,0,0,0
26159,hair,hair,en,asl,0,0,0
26162,hair,hair,en,asl,0,0,0
26163,hair,hair,en,asl,0,0,0
65870,hair,hair,en,asl,0,0,0
26166,hair,hair,en,asl,0,0,0
26157,hair,hair,en,asl,0,0,0
26172,hair,hair,en,asl,0,0,0
69360,have,have,en,asl,0,0,0
26773,have,have,en,asl,0,0,0
26766,have,have,en,asl,0,0,0
26778,have,have,en,asl,0,0,0
26779,have,have,en,asl,0,0,0
26767,have,have,en,asl,0,0,0
26768,have,have,en,asl,0,0,0
26770,have,have,en,asl,0,0,0
26835,headache,headache,en,asl,0,0,0
26836,headache,headache,en,asl,0,0,0
26837,headache,headache,en,asl,0,0,0
26838,headache,headache,en,asl,0,0,0
26839,headache,headache,en,asl,0,0,0
26840,headache,headache,en,asl,0,0,0
65881,headache,headache,en,asl,0,0,0
26845,headache,headache,en,asl,0,0,0
26846,headache,headache,en,asl,0,0,0
26833,headache,headache,en,asl,0,0,0
26834,headache,headache,en,asl,0,0,0
29648,inform,inform,en,asl,0,0,0
29649,inform,inform,en,asl,0,0,0
29650,inform,inform,en,asl,0,0,0
29651,inform,inform,en,asl,0,0,0
29652,inform,inform,en,asl,0,0,0
29653,inform,inform,en,asl,0,0,0
29654,inform,inform,en,asl,0,0,0
29655,inform,inform,en,asl,0,0,0
65940,inform,inform,en,asl,0,0,0
29646,inform,inform,en,asl,0,0,0
29656,inform,inform,en,asl,0,0,0
29657,inform,inform,en,asl,0,0,0
29660,inform,inform,en,asl,0,0,0
29661,inform,inform,en,asl,0,0,0
29647,inform,inform,en,asl,0,0,0
31843,knife,knife,en,asl,0,0,0
31844,knife,knife,en,asl,0,0,0
31846,knife,knife,en,asl,0,0,0
31848,knife,knife,en,asl,0,0,0
66000,knife,knife,en,asl,0,0,0
31852,knife,knife,en,asl,0,0,0
31853,knife,knife,en,asl,0,0,0
31854,knife,knife,en,asl,0,0,0
31855,knife,knife,en,asl,0,0,0
31856,knife,knife,en,asl,0,0,0
31842,knife,knife,en,asl,0,0,0
32397,laugh,laugh,en,asl,0,0,0
32398,laugh,laugh,en,asl,0,0,0
32379,laugh,laugh,en,asl,0,0,0
32380,laugh,laugh,en,asl,0,0,0
32381,laugh,laugh,en,asl,0,0,0
66016,laugh,laugh,en,asl,0,0,0
32382,laugh,laugh,en,asl,0,0,0
32383,laugh,laugh,en,asl,0,0,0
32386,laugh,laugh,en,asl,0,0,0
32377,laugh,laugh,en,asl,0,0,0
32388,laugh,laugh,en,asl,0,0,0
32389,laugh,laugh,en,asl,0,0,0
32608,learn,learn,en,asl,0,0,0
32609,learn,learn,en,asl,0,0,0
32610,learn,learn,en,asl,0,0,0
32612,learn,learn,en,asl,0,0,0
66024,learn,learn,en,asl,0,0,0
32604,learn,learn,en,asl,0,0,0
32615,learn,learn,en,asl,0,0,0
32616,learn,learn,en,asl,0,0,0
32605,learn,learn,en,asl,0,0,0
32606,learn,learn,en,asl,0,0,0
32607,learn,learn,en,asl,0,0,0
37126,movie,movie,en,asl,0,0,0
37147,movie,movie,en,asl,0,0,0
37149,movie,movie,en,asl,0,0,0
37150,movie,movie,en,asl,0,0,0
37125,movie,movie,en,asl,0,0,0
37151,movie,movie,en,asl,0,0,0
37152,movie,movie,en,asl,0,0,0
37127,movie,movie,en,asl,0,0,0
37128,movie,movie,en,asl,0,0,0
37129,movie,movie,en,asl,0,0,0
37134,movie,movie,en,asl,0,0,0
37135,movie,movie,en,asl,0,0,0
45837,rabbit,rabbit,en,asl,0,0,0
45838,rabbit,rabbit,en,asl,0,0,0
45839,rabbit,rabbit,en,asl,0,0,0
45840,rabbit,rabbit,en,asl,0,0,0
45841,rabbit,rabbit,en,asl,0,0,0
45842,rabbit,rabbit,en,asl,0,0,0
45843,rabbit,rabbit,en,asl,0,0,0
45849,rabbit,rabbit,en,asl,0,0,0
45850,rabbit,rabbit,en,asl,0,0,0
45851,rabbit,rabbit,en,asl,0,0,0
45836,rabbit,rabbit,en,asl,0,0,0
46275,read,read,en,asl,0,0,0
46266,read,read,en,asl,0,0,0
46276,read,read,en,asl,0,0,0
46267,read,read,en,asl,0,0,0
46268,read,read,en,asl,0,0,0
46269,read,read,en,asl,0,0,0
46270,read,read,en,asl,0,0,0
46271,read,read,en,asl,0,0,0
46272,read,read,en,asl,0,0,0
69446,red,red,en,asl,0,0,0
46737,red,red,en,asl,0,0,0
46731,red,red,en,asl,0,0,0
46741,red,red,en,asl,0,0,0
46742,red,red,en,asl,0,0,0
46732,red,red,en,asl,0,0,0
46733,red,red,en,asl,0,0,0
46734,red,red,en,asl,0,0,0
46735,red,red,en,asl,0,0,0
46736,red,red,en,asl,0,0,0
48509,room,room,en,asl,0,0,0
48510,room,room,en,asl,0,0,0
48511,room,room,en,asl,0,0,0
48512,room,room,en,asl,0,0,0
48513,room,room,en,asl,0,0,0
48514,room,room,en,asl,0,0,0
48515,room,room,en,asl,0,0,0
48516,room,room,en,asl,0,0,0
66415,room,room,en,asl,0,0,0
66416,room,room,en,asl,0,0,0
48517,room,room,en,asl,0,0,0
48520,room,room,en,asl,0,0,0
48521,room,room,en,asl,0,0,0
48797,run,run,en,asl,0,0,0
48798,run,run,en,asl,0,0,0
48819,run,run,en,asl,0,0,0
48824,run,run,en,asl,0,0,0
48827,run,run,en,asl,0,0,0
48800,run,run,en,asl,0,0,0
48801,run,run,en,asl,0,0,0
48804,run,run,en,asl,0,0,0
48805,run,run,en,asl,0,0,0
48809,run,run,en,asl,0,0,0
48810,run,run,en,asl,0,0,0
66473,show,show,en,asl,0,0,0
51347,show,show,en,asl,0,0,0
51348,show,show,en,asl,0,0,0
51349,show,show,en,asl,0,0,0
51350,show,show,en,asl,0,0,0
51351,show,show,en,asl,0,0,0
51352,show,show,en,asl,0,0,0
51353,show,show,en,asl,0,0,0
51345,show,show,en,asl,0,0,0
51355,show,show,en,asl,0,0,0
51356,show,show,en,asl,0,0,0
51358,show,show,en,asl,0,0,0
51360,show,show,en,asl,0,0,0
51346,show,show,en,asl,0,0,0
69470,sick,sick,en,asl,0,0,0
51516,sick,sick,en,asl,0,0,0
51517,sick,sick,en,asl,0,0,0
51502,sick,sick,en,asl,0,0,0
51503,sick,sick,en,asl,0,0,0
51504,sick,sick,en,asl,0,0,0
51505,sick,sick,en,asl,0,0,0
51506,sick,sick,en,asl,0,0,0
51507,sick,sick,en,asl,0,0,0
66475,sick,sick,en,asl,0,0,0
51501,sick,sick,en,asl,0,0,0
69481,snow,snow,en,asl,0,0,0
52862,snow,snow,en,asl,0,0,0
52863,snow,snow,en,asl,0,0,0
52866,snow,snow,en,asl,0,0,0
66519,snow,snow,en,asl,0,0,0
66518,snow,snow,en,asl,0,0,0
52857,snow,snow,en,asl,0,0,0
52867,snow,snow,en,asl,0,0,0
52858,snow,snow,en,asl,0,0,0
52859,snow,snow,en,asl,0,0,0
52860,snow,snow,en,asl,0,0,0
52861,snow,snow,en,asl,0,0,0
69500,take,take,en,asl,0,0,0
56697,take,take,en,asl,0,0,0
56698,take,take,en,asl,0,0,0
56699,take,take,en,asl,0,0,0
56700,take,take,en,asl,0,0,0
56701,take,take,en,asl,0,0,0
56692,take,take,en,asl,0,0,0
56702,take,take,en,asl,0,0,0
56703,take,take,en,asl,0,0,0
56704,take,take,en,asl,0,0,0
56705,take,take,en,asl,0,0,0
56693,take,take,en,asl,0,0,0
56694,take,take,en,asl,0,0,0
56695,take,take,en,asl,0,0,0
56696,take,take,en,asl,0,0,0
57082,tea,tea,en,asl,0,0,0
57084,tea,tea,en,asl,0,0,0
57085,tea,tea,en,asl,0,0,0
57076,tea,tea,en,asl,0,0,0
57086,tea,tea,en,asl,0,0,0
57087,tea,tea,en,asl,0,0,0
57077,tea,tea,en,asl,0,0,0
57078,tea,tea,en,asl,0,0,0
57079,tea,tea,en,asl,0,0,0
57080,tea,tea,en,asl,0,0,0
57081,tea,tea,en,asl,0,0,0
57043,teacher,teacher,en,asl,0,0,0
57044,teacher,teacher,en,asl,0,0,0
57045,teacher,teacher,en,asl,0,0,0
66593,teacher,teacher,en,asl,0,0,0
57039,teacher,teacher,en,asl,0,0,0
57050,teacher,teacher,en,asl,0,0,0
57051,teacher,teacher,en,asl,0,0,0
57040,teacher,teacher,en,asl,0,0,0
57041,teacher,teacher,en,asl,0,0,0
57042,teacher,teacher,en,asl,0,0,0
62744,week,week,en,asl,0,0,0
62746,week,week,en,asl,0,0,0
62747,week,week,en,asl,0,0,0
62748,week,week,en,asl,0,0,0
66759,week,week,en,asl,0,0,0
62740,week,week,en,asl,0,0,0
62751,week,week,en,asl,0,0,0
62752,week,week,en,asl,0,0,0
62741,week,week,en,asl,0,0,0
62742,week,week,en,asl,0,0,0
62743,week,week,en,asl,0,0,0
63283,why,why,en,asl,0,0,0
63284,why,why,en,asl,0,0,0
63285,why,why,en,asl,0,0,0
63286,why,why,en,asl,0,0,0
63287,why,why,en,asl,0,0,0
63288,why,why,en,asl,0,0,0
66781,why,why,en,asl,0,0,0
63289,why,why,en,asl,0,0,0
63291,why,why,en,asl,0,0,0
63292,why,why,en,asl,0,0,0
63280,why,why,en,asl,0,0,0
63281,why,why,en,asl,0,0,0
63282,why,why,en,asl,0,0,0
69539,with,with,en,asl,0,0,0
63595,with,with,en,asl,0,0,0
63596,with,with,en,asl,0,0,0
66795,with,with,en,asl,0,0,0
63587,with,with,en,asl,0,0,0
63588,with,with,en,asl,0,0,0
63589,with,with,en,asl,0,0,0
63590,with,with,en,asl,0,0,0
63591,with,with,en,asl,0,0,0
63592,with,with,en,asl,0,0,0
69544,write,write,en,asl,0,0,0
64060,write,write,en,asl,0,0,0
64061,write,write,en,asl,0,0,0
64062,write,write,en,asl,0,0,0
64064,write,write,en,asl,0,0,0
64065,write,write,en,asl,0,0,0
66815,write,write,en,asl,0,0,0
64056,write,write,en,asl,0,0,0
64068,write,write,en,asl,0,0,0
64057,write,write,en,asl,0,0,0
64058,write,write,en,asl,0,0,0
64059,write,write,en,asl,0,0,0
64307,yesterday,yesterday,en,asl,0,0,0
64308,yesterday,yesterday,en,asl,0,0,0
64309,yesterday,yesterday,en,asl,0,0,0
64310,yesterday,yesterday,en,asl,0,0,0
64311,yesterday,yesterday,en,asl,0,0,0
66821,yesterday,yesterday,en,asl,0,0,0
66822,yesterday,yesterday,en,asl,0,0,0
64314,yesterday,yesterday,en,asl,0,0,0
64315,yesterday,yesterday,en,asl,0,0,0
64304,yesterday,yesterday,en,asl,0,0,0
64305,yesterday,yesterday,en,asl,0,0,0
64306,yesterday,yesterday,en,asl,0,0,0
01466,again,again,en,asl,0,0,0
65032,again,again,en,asl,0,0,0
01460,again,again,en,asl,0,0,0
01470,again,again,en,asl,0,0,0
01471,again,again,en,asl,0,0,0
01461,again,again,en,asl,0,0,0
01462,again,again,en,asl,0,0,0
01463,again,again,en,asl,0,0,0
01464,again,again,en,asl,0,0,0
01465,again,again,en,asl,0,0,0
69219,bad,bad,en,asl,0,0,0
04709,bad,bad,en,asl,0,0,0
04712,bad,bad,en,asl,0,0,0
04713,bad,bad,en,asl,0,0,0
04715,bad,bad,en,asl,0,0,0
04716,bad,bad,en,asl,0,0,0
04717,bad,bad,en,asl,0,0,0
65125,bad,bad,en,asl,0,0,0
04708,bad,bad,en,asl,0,0,0
04718,bad,bad,en,asl,0,0,0
04722,bad,bad,en,asl,0,0,0
04723,bad,bad,en,asl,0,0,0
69221,ball,ball,en,asl,0,0,0
04850,ball,ball,en,asl,0,0,0
04851,ball,ball,en,asl,0,0,0
04852,ball,ball,en,asl,0,0,0
04853,ball,ball,en,asl,0,0,0
04854,ball,ball,en,asl,0,0,0
04858,ball,ball,en,asl,0,0,0
65131,ball,ball,en,asl,0,0,0
04849,ball,ball,en,asl,0,0,0
04862,ball,ball,en,asl,0,0,0
04864,ball,ball,en,asl,0,0,0
05299,bathroom,bathroom,en,asl,0,0,0
05300,bathroom,bathroom,en,asl,0,0,0
05301,bathroom,bathroom,en,asl,0,0,0
05302,bathroom,bathroom,en,asl,0,0,0
05303,bathroom,bathroom,en,asl,0,0,0
65148,bathroom,bathroom,en,asl,0,0,0
05308,bathroom,bathroom,en,asl,0,0,0
05309,bathroom,bathroom,en,asl,0,0,0
05310,bathroom,bathroom,en,asl,0,0,0
05297,bathroom,bathroom,en,asl,0,0,0
05298,bathroom,bathroom,en,asl,0,0,0
06553,blanket,blanket,en,asl,0,0,0
06554,blanket,blanket,en,asl,0,0,0
06555,blanket,blanket,en,asl,0,0,0
06557,blanket,blanket,en,asl,0,0,0
06558,blanket,blanket,en,asl,0,0,0
06559,blanket,blanket,en,asl,0,0,0
65204,blanket,blanket,en,asl,0,0,0
65205,blanket,blanket,en,asl,0,0,0
06561,blanket,blanket,en,asl,0,0,0
06562,blanket,blanket,en,asl,0,0,0
06563,blanket,blanket,en,asl,0,0,0
06551,blanket,blanket,en,asl,0,0,0
06552,blanket,blanket,en,asl,0,0,0
69255,buy,buy,en,asl,0,0,0
08488,buy,buy,en,asl,0,0,0
08491,buy,buy,en,asl,0,0,0
65282,buy,buy,en,asl,0,0,0
08482,buy,buy,en,asl,0,0,0
08492,buy,buy,en,asl,0,0,0
08483,buy,buy,en,asl,0,0,0
08484,buy,buy,en,asl,0,0,0
08485,buy,buy,en,asl,0,0,0
08486,buy,buy,en,asl,0,0,0
08487,buy,buy,en,asl,0,0,0
65290,call,call,en,asl,0,0,0
08706,call,call,en,asl,0,0,0
08707,call,call,en,asl,0,0,0
65556,call,call,en,asl,0,0,0
08713,call,call,en,asl,0,0,0
08689,call,call,en,asl,0,0,0
08690,call,call,en,asl,0,0,0
08691,call,call,en,asl,0,0,0
08692,call,call,en,asl,0,0,0
08694,call,call,en,asl,0,0,0
08695,call,call,en,asl,0,0,0
08697,call,call,en,asl,0,0,0
08698,call,call,en,asl,0,0,0
08701,call,call,en,asl,0,0,0
08702,call,call,en,asl,0,0,0
11565,coffee,coffee,en,asl,0,0,0
11566,coffee,coffee,en,asl,0,0,0
65375,coffee,coffee,en,asl,0,0,0
11558,coffee,coffee,en,asl,0,0,0
11559,coffee,coffee,en,asl,0,0,0
11560,coffee,coffee,en,asl,0,0,0
11561,coffee,coffee,en,asl,0,0,0
11562,coffee,coffee,en,asl,0,0,0
11563,coffee,coffee,en,asl,0,0,0
65377,cold,cold,en,asl,0,0,0
11638,cold,cold,en,asl,0,0,0
11622,cold,cold,en,asl,0,0,0
11623,cold,cold,en,asl,0,0,0
11624,cold,cold,en,asl,0,0,0
11625,cold,cold,en,asl,0,0,0
11627,cold,cold,en,asl,0,0,0
11628,cold,cold,en,asl,0,0,0
11630,cold,cold,en,asl,0,0,0
11621,cold,cold,en,asl,0,0,0
11633,cold,cold,en,asl,0,0,0
11634,cold,cold,en,asl,0,0,0
11635,cold,cold,en,asl,0,0,0
11637,cold,cold,en,asl,0,0,0
11717,college,college,en,asl,0,0,0
65379,college,college,en,asl,0,0,0
11708,college,college,en,asl,0,0,0
11718,college,college,en,asl,0,0,0
11709,college,college,en,asl,0,0,0
11710,college,college,en,asl,0,0,0
11711,college,college,en,asl,0,0,0
11712,college,college,en,asl,0,0,0
11713,college,college,en,asl,0,0,0
13269,copy,copy,en,asl,0,0,0
13270,copy,copy,en,asl,0,0,0
13271,copy,copy,en,asl,0,0,0
13272,copy,copy,en,asl,0,0,0
13273,copy,copy,en,asl,0,0,0
13275,copy,copy,en,asl,0,0,0
65405,copy,copy,en,asl,0,0,0
13277,copy,copy,en,asl,0,0,0
13278,copy,copy,en,asl,0,0,0
13279,copy,copy,en,asl,0,0,0
13267,copy,copy,en,asl,0,0,0
13268,copy,copy,en,asl,0,0,0
14455,cute,cute,en,asl,0,0,0
14456,cute,cute,en,asl,0,0,0
14457,cute,cute,en,asl,0,0,0
14458,cute,cute,en,asl,0,0,0
65432,cute,cute,en,asl,0,0,0
14460,cute,cute,en,asl,0,0,0
14461,cute,cute,en,asl,0,0,0
14451,cute,cute,en,asl,0,0,0
14452,cute,cute,en,asl,0,0,0
14453,cute,cute,en,asl,0,0,0
14454,cute,cute,en,asl,0,0,0
14754,daughter,daughter,en,asl,0,0,0
14755,daughter,daughter,en,asl,0,0,0
14756,daughter,daughter,en,asl,0,0,0
14757,daughter,daughter,en,asl,0,0,0
65443,daughter,daughter,en,asl,0,0,0
14759,daughter,daughter,en,asl,0,0,0
14760,daughter,daughter,en,asl,0,0,0
14749,daughter,daughter,en,asl,0,0,0
14750,daughter,daughter,en,asl,0,0,0
14751,daughter,daughter,en,asl,0,0,0
14752,daughter,daughter,en,asl,0,0,0
14753,daughter,daughter,en,asl,0,0,0
20067,example,example,en,asl,0,0,0
20068,example,example,en,asl,0,0,0
20070,example,example,en,asl,0,0,0
20071,example,example,en,asl,0,0,0
20072,example,example,en,asl,0,0,0
20073,example,example,en,asl,0,0,0
65652,example,example,en,asl,0,0,0
65653,example,example,en,asl,0,0,0
65654,example,example,en,asl,0,0,0
20074,example,example,en,asl,0,0,0
20076,example,example,en,asl,0,0,0
20077,example,example,en,asl,0,0,0
20066,example,example,en,asl,0,0,0
21073,far,far,en,asl,0,0,0
21074,far,far,en,asl,0,0,0
21075,far,far,en,asl,0,0,0
21076,far,far,en,asl,0,0,0
21077,far,far,en,asl,0,0,0
21078,far,far,en,asl,0,0,0
65682,far,far,en,asl,0,0,0
21069,far,far,en,asl,0,0,0
21080,far,far,en,asl,0,0,0
21081,far,far,en,asl,0,0,0
21070,far,far,en,asl,0,0,0
21071,far,far,en,asl,0,0,0
21072,far,far,en,asl,0,0,0
22086,first,first,en,asl,0,0,0
22087,first,first,en,asl,0,0,0
22088,first,first,en,asl,0,0,0
22089,first,first,en,asl,0,0,0
22094,first,first,en,asl,0,0,0
65729,first,first,en,asl,0,0,0
65730,first,first,en,asl,0,0,0
65728,first,first,en,asl,0,0,0
22085,first,first,en,asl,0,0,0
22095,first,first,en,asl,0,0,0
22097,first,first,en,asl,0,0,0
22098,first,first,en,asl,0,0,0
23574,friend,friend,en,asl,0,0,0
65782,friend,friend,en,asl,0,0,0
23577,friend,friend,en,asl,0,0,0
23578,friend,friend,en,asl,0,0,0
23568,friend,friend,en,asl,0,0,0
23569,friend,friend,en,asl,0,0,0
23570,friend,friend,en,asl,0,0,0
23572,friend,friend,en,asl,0,0,0
23573,friend,friend,en,asl,0,0,0
69347,good,good,en,asl,0,0,0
25072,good,good,en,asl,0,0,0
25073,good,good,en,asl,0,0,0
25075,good,good,en,asl,0,0,0
65835,good,good,en,asl,0,0,0
25066,good,good,en,asl,0,0,0
25076,good,good,en,asl,0,0,0
25067,good,good,en,asl,0,0,0
25068,good,good,en,asl,0,0,0
25069,good,good,en,asl,0,0,0
25070,good,good,en,asl,0,0,0
25071,good,good,en,asl,0,0,0
26528,happy,happy,en,asl,0,0,0
26530,happy,happy,en,asl,0,0,0
26531,happy,happy,en,asl,0,0,0
26532,happy,happy,en,asl,0,0,0
26524,happy,happy,en,asl,0,0,0
26536,happy,happy,en,asl,0,0,0
26537,happy,happy,en,asl,0,0,0
26525,happy,happy,en,asl,0,0,0
26526,happy,happy,en,asl,0,0,0
26527,happy,happy,en,asl,0,0,0
69366,home,home,en,asl,0,0,0
27774,home,home,en,asl,0,0,0
27765,home,home,en,asl,0,0,0
27775,home,home,en,asl,0,0,0
27766,home,home,en,asl,0,0,0
27767,home,home,en,asl,0,0,0
27768,home,home,en,asl,0,0,0
27769,home,home,en,asl,0,0,0
27770,home,home,en,asl,0,0,0
31900,know,know,en,asl,0,0,0
31901,know,know,en,asl,0,0,0
31902,know,know,en,asl,0,0,0
31903,know,know,en,asl,0,0,0
66002,know,know,en,asl,0,0,0
31908,know,know,en,asl,0,0,0
31909,know,know,en,asl,0,0,0
31897,know,know,en,asl,0,0,0
31898,know,know,en,asl,0,0,0
31899,know,know,en,asl,0,0,0
32304,late,late,en,asl,0,0,0
32305,late,late,en,asl,0,0,0
32306,late,late,en,asl,0,0,0
32309,late,late,en,asl,0,0,0
66013,late,late,en,asl,0,0,0
32300,late,late,en,asl,0,0,0
32310,late,late,en,asl,0,0,0
32311,late,late,en,asl,0,0,0
32312,late,late,en,asl,0,0,0
32302,late,late,en,asl,0,0,0
32303,late,late,en,asl,0,0,0
32655,leave,leave,en,asl,0,0,0
32675,leave,leave,en,asl,0,0,0
32677,leave,leave,en,asl,0,0,0
66025,leave,leave,en,asl,0,0,0
32657,leave,leave,en,asl,0,0,0
32658,leave,leave,en,asl,0,0,0
32659,leave,leave,en,asl,0,0,0
32661,leave,leave,en,asl,0,0,0
32662,leave,leave,en,asl,0,0,0
32663,leave,leave,en,asl,0,0,0
32654,leave,leave,en,asl,0,0,0
32664,leave,leave,en,asl,0,0,0
32667,leave,leave,en,asl,0,0,0
32669,leave,leave,en,asl,0,0,0
33475,list,list,en,asl,0,0,0
33477,list,list,en,asl,0,0,0
33478,list,list,en,asl,0,0,0
33479,list,list,en,asl,0,0,0
33480,list,list,en,asl,0,0,0
66075,list,list,en,asl,0,0,0
33472,list,list,en,asl,0,0,0
33485,list,list,en,asl,0,0,0
33486,list,list,en,asl,0,0,0
33473,list,list,en,asl,0,0,0
33474,list,list,en,asl,0,0,0
34002,lose,lose,en,asl,0,0,0
34004,lose,lose,en,asl,0,0,0
34005,lose,lose,en,asl,0,0,0
34006,lose,lose,en,asl,0,0,0
34007,lose,lose,en,asl,0,0,0
34008,lose,lose,en,asl,0,0,0
34009,lose,lose,en,asl,0,0,0
34010,lose,lose,en,asl,0,0,0
34012,lose,lose,en,asl,0,0,0
34016,lose,lose,en,asl,0,0,0
34017,lose,lose,en,asl,0,0,0
34018,lose,lose,en,asl,0,0,0
69405,name,name,en,asl,0,0,0
37589,name,name,en,asl,0,0,0
37580,name,name,en,asl,0,0,0
37590,name,name,en,asl,0,0,0
37581,name,name,en,asl,0,0,0
37582,name,name,en,asl,0,0,0
37583,name,name,en,asl,0,0,0
37584,name,name,en,asl,0,0,0
37585,name,name,en,asl,0,0,0
69419,old,old,en,asl,0,0,0
39629,old,old,en,asl,0,0,0
39624,old,old,en,asl,0,0,0
39630,old,old,en,asl,0,0,0
39631,old,old,en,asl,0,0,0
39632,old,old,en,asl,0,0,0
39634,old,old,en,asl,0,0,0
39635,old,old,en,asl,0,0,0
39625,old,old,en,asl,0,0,0
39626,old,old,en,asl,0,0,0
39627,old,old,en,asl,0,0,0
39628,old,old,en,asl,0,0,0
42227,person,person,en,asl,0,0,0
42228,person,person,en,asl,0,0,0
42231,person,person,en,asl,0,0,0
42232,person,person,en,asl,0,0,0
66280,person,person,en,asl,0,0,0
42225,person,person,en,asl,0,0,0
42237,person,person,en,asl,0,0,0
42238,person,person,en,asl,0,0,0
42239,person,person,en,asl,0,0,0
42226,person,person,en,asl,0,0,0
43526,police,police,en,asl,0,0,0
43527,police,police,en,asl,0,0,0
43528,police,police,en,asl,0,0,0
43529,police,police,en,asl,0,0,0
66306,police,police,en,asl,0,0,0
43522,police,police,en,asl,0,0,0
43534,police,police,en,asl,0,0,0
43535,police,police,en,asl,0,0,0
43523,police,police,en,asl,0,0,0
43524,police,police,en,asl,0,0,0
43525,police,police,en,asl,0,0,0
44684,problem,problem,en,asl,0,0,0
44685,problem,problem,en,asl,0,0,0
44686,problem,problem,en,asl,0,0,0
44687,problem,problem,en,asl,0,0,0
66335,problem,problem,en,asl,0,0,0
44680,problem,problem,en,asl,0,0,0
44690,problem,problem,en,asl,0,0,0
44691,problem,problem,en,asl,0,0,0
44681,problem,problem,en,asl,0,0,0
44682,problem,problem,en,asl,0,0,0
44683,problem,problem,en,asl,0,0,0
47178,remember,remember,en,asl,0,0,0
47180,remember,remember,en,asl,0,0,0
47183,remember,remember,en,asl,0,0,0
66387,remember,remember,en,asl,0,0,0
47186,remember,remember,en,asl,0,0,0
47187,remember,remember,en,asl,0,0,0
47175,remember,remember,en,asl,0,0,0
47176,remember,remember,en,asl,0,0,0
47177,remember,remember,en,asl,0,0,0
50853,share,share,en,asl,0,0,0
50854,share,share,en,asl,0,0,0
50855,share,share,en,asl,0,0,0
50856,share,share,en,asl,0,0,0
66461,share,share,en,asl,0,0,0
50849,share,share,en,asl,0,0,0
50861,share,share,en,asl,0,0,0
50862,share,share,en,asl,0,0,0
50850,share,share,en,asl,0,0,0
50851,share,share,en,asl,0,0,0
50852,share,share,en,asl,0,0,0
53295,soon,soon,en,asl,0,0,0
53296,soon,soon,en,asl,0,0,0
53297,soon,soon,en,asl,0,0,0
53298,soon,soon,en,asl,0,0,0
53300,soon,soon,en,asl,0,0,0
53301,soon,soon,en,asl,0,0,0
66533,soon,soon,en,asl,0,0,0
66534,soon,soon,en,asl,0,0,0
53292,soon,soon,en,asl,0,0,0
53303,soon,soon,en,asl,0,0,0
53304,soon,soon,en,asl,0,0,0
53305,soon,soon,en,asl,0,0,0
53293,soon,soon,en,asl,0,0,0
53294,soon,soon,en,asl,0,0,0
54559,stay,stay,en,asl,0,0,0
54560,stay,stay,en,asl,0,0,0
54561,stay,stay,en,asl,0,0,0
54562,stay,stay,en,asl,0,0,0
54563,stay,stay,en,asl,0,0,0
54554,stay,stay,en,asl,0,0,0
54566,stay,stay,en,asl,0,0,0
54567,stay,stay,en,asl,0,0,0
54555,stay,stay,en,asl,0,0,0
54556,stay,stay,en,asl,0,0,0
54557,stay,stay,en,asl,0,0,0
54558,stay,stay,en,asl,0,0,0
55773,sunday,sunday,en,asl,0,0,0
55774,sunday,sunday,en,asl,0,0,0
55775,sunday,sunday,en,asl,0,0,0
55776,sunday,sunday,en,asl,0,0,0
55777,sunday,sunday,en,asl,0,0,0
55781,sunday,sunday,en,asl,0,0,0
55782,sunday,sunday,en,asl,0,0,0
55769,sunday,sunday,en,asl,0,0,0
55770,sunday,sunday,en,asl,0,0,0
55771,sunday,sunday,en,asl,0,0,0
55772,sunday,sunday,en,asl,0,0,0
57530,test,test,en,asl,0,0,0
57531,test,test,en,asl,0,0,0
57532,test,test,en,asl,0,0,0
57533,test,test,en,asl,0,0,0
57534,test,test,en,asl,0,0,0
57535,test,test,en,asl,0,0,0
57527,test,test,en,asl,0,0,0
57537,test,test,en,asl,0,0,0
57539,test,test,en,asl,0,0,0
57540,test,test,en,asl,0,0,0
57541,test,test,en,asl,0,0,0
57528,test,test,en,asl,0,0,0
57529,test,test,en,asl,0,0,0
58594,tired,tired,en,asl,0,0,0
58595,tired,tired,en,asl,0,0,0
58599,tired,tired,en,asl,0,0,0
58600,tired,tired,en,asl,0,0,0
58589,tired,tired,en,asl,0,0,0
58590,tired,tired,en,asl,0,0,0
58591,tired,tired,en,asl,0,0,0
58592,tired,tired,en,asl,0,0,0
58593,tired,tired,en,asl,0,0,0
59206,trade,trade,en,asl,0,0,0
59207,trade,trade,en,asl,0,0,0
59208,trade,trade,en,asl,0,0,0
59209,trade,trade,en,asl,0,0,0
59210,trade,trade,en,asl,0,0,0
59211,trade,trade,en,asl,0,0,0
59212,trade,trade,en,asl,0,0,0
59213,trade,trade,en,asl,0,0,0
59214,trade,trade,en,asl,0,0,0
59215,trade,trade,en,asl,0,0,0
59216,trade,trade,en,asl,0,0,0
59218,trade,trade,en,asl,0,0,0
59219,trade,trade,en,asl,0,0,0
59204,trade,trade,en,asl,0,0,0
59205,trade,trade,en,asl,0,0,0
59500,travel,travel,en,asl,0,0,0
59501,travel,travel,en,asl,0,0,0
59502,travel,travel,en,asl,0,0,0
59503,travel,travel,en,asl,0,0,0
66672,travel,travel,en,asl,0,0,0
59495,travel,travel,en,asl,0,0,0
59505,travel,travel,en,asl,0,0,0
59506,travel,travel,en,asl,0,0,0
59496,travel,travel,en,asl,0,0,0
59497,travel,travel,en,asl,0,0,0
59499,travel,travel,en,asl,0,0,0
63426,window,window,en,asl,0,0,0
66791,window,window,en,asl,0,0,0
63417,window,window,en,asl,0,0,0
63427,window,window,en,asl,0,0,0
63418,window,window,en,asl,0,0,0
63419,window,window,en,asl,0,0,0
63420,window,window,en,asl,0,0,0
63421,window,window,en,asl,0,0,0
63422,window,window,en,asl,0,0,0
69547,you,you,en,asl,0,0,0
64384,you,you,en,asl,0,0,0
64385,you,you,en,asl,0,0,0
64379,you,you,en,asl,0,0,0
64390,you,you,en,asl,0,0,0
64391,you,you,en,asl,0,0,0
64380,you,you,en,asl,0,0,0
64381,you,you,en,asl,0,0,0
64382,you,you,en,asl,0,0,0
64383,you,you,en,asl,0,0,0
00416,about,about,en,asl,0,0,0
00419,about,about,en,asl,0,0,0
00421,about,about,en,asl,0,0,0
65002,about,about,en,asl,0,0,0
65003,about,about,en,asl,0,0,0
00414,about,about,en,asl,0,0,0
00425,about,about,en,asl,0,0,0
00426,about,about,en,asl,0,0,0
00415,about,about,en,asl,0,0,0
03122,approve,approve,en,asl,0,0,0
03123,approve,approve,en,asl,0,0,0
03124,approve,approve,en,asl,0,0,0
03125,approve,approve,en,asl,0,0,0
03129,approve,approve,en,asl,0,0,0
03130,approve,approve,en,asl,0,0,0
03131,approve,approve,en,asl,0,0,0
03118,approve,approve,en,asl,0,0,0
03119,approve,approve,en,asl,0,0,0
03120,approve,approve,en,asl,0,0,0
03121,approve,approve,en,asl,0,0,0
03440,arrive,arrive,en,asl,0,0,0
03441,arrive,arrive,en,asl,0,0,0
65096,arrive,arrive,en,asl,0,0,0
03444,arrive,arrive,en,asl,0,0,0
03445,arrive,arrive,en,asl,0,0,0
03435,arrive,arrive,en,asl,0,0,0
03436,arrive,arrive,en,asl,0,0,0
03437,arrive,arrive,en,asl,0,0,0
03438,arrive,arrive,en,asl,0,0,0
03439,arrive,arrive,en,asl,0,0,0
04800,balance,balance,en,asl,0,0,0
04801,balance,balance,en,asl,0,0,0
04802,balance,balance,en,asl,0,0,0
04803,balance,balance,en,asl,0,0,0
65129,balance,balance,en,asl,0,0,0
04795,balance,balance,en,asl,0,0,0
04805,balance,balance,en,asl,0,0,0
04806,balance,balance,en,asl,0,0,0
04796,balance,balance,en,asl,0,0,0
04797,balance,balance,en,asl,0,0,0
04798,balance,balance,en,asl,0,0,0
04799,balance,balance,en,asl,0,0,0
04900,banana,banana,en,asl,0,0,0
04901,banana,banana,en,asl,0,0,0
04902,banana,banana,en,asl,0,0,0
04903,banana,banana,en,asl,0,0,0
65135,banana,banana,en,asl,0,0,0
65134,banana,banana,en,asl,0,0,0
04905,banana,banana,en,asl,0,0,0
04906,banana,banana,en,asl,0,0,0
04896,banana,banana,en,asl,0,0,0
04897,banana,banana,en,asl,0,0,0
04898,banana,banana,en,asl,0,0,0
04899,banana,banana,en,asl,0,0,0
05470,beard,beard,en,asl,0,0,0
05471,beard,beard,en,asl,0,0,0
05472,beard,beard,en,asl,0,0,0
05473,beard,beard,en,asl,0,0,0
05474,beard,beard,en,asl,0,0,0
05475,beard,beard,en,asl,0,0,0
65156,beard,beard,en,asl,0,0,0
05476,beard,beard,en,asl,0,0,0
05479,beard,beard,en,asl,0,0,0
05467,beard,beard,en,asl,0,0,0
05468,beard,beard,en,asl,0,0,0
05598,because,because,en,asl,0,0,0
05599,because,because,en,asl,0,0,0
05600,because,because,en,asl,0,0,0
05601,because,because,en,asl,0,0,0
05603,because,because,en,asl,0,0,0
65158,because,because,en,asl,0,0,0
65159,because,because,en,asl,0,0,0
05605,because,because,en,asl,0,0,0
05606,because,because,en,asl,0,0,0
05608,because,because,en,asl,0,0,0
05609,because,because,en,asl,0,0,0
05596,because,because,en,asl,0,0,0
69245,boy,boy,en,asl,0,0,0
07461,boy,boy,en,asl,0,0,0
65245,boy,boy,en,asl,0,0,0
07452,boy,boy,en,asl,0,0,0
07462,boy,boy,en,asl,0,0,0
07453,boy,boy,en,asl,0,0,0
07454,boy,boy,en,asl,0,0,0
07455,boy,boy,en,asl,0,0,0
07457,boy,boy,en,asl,0,0,0
07458,boy,boy,en,asl,0,0,0
08371,business,business,en,asl,0,0,0
08372,business,business,en,asl,0,0,0
08373,business,business,en,asl,0,0,0
65275,business,business,en,asl,0,0,0
08378,business,business,en,asl,0,0,0
08379,business,business,en,asl,0,0,0
08368,business,business,en,asl,0,0,0
08369,business,business,en,asl,0,0,0
08370,business,business,en,asl,0,0,0
09184,careful,careful,en,asl,0,0,0
09185,careful,careful,en,asl,0,0,0
09186,careful,careful,en,asl,0,0,0
65307,careful,careful,en,asl,0,0,0
65306,careful,careful,en,asl,0,0,0
09188,careful,careful,en,asl,0,0,0
09179,careful,careful,en,asl,0,0,0
09180,careful,careful,en,asl,0,0,0
09181,careful,careful,en,asl,0,0,0
09182,careful,careful,en,asl,0,0,0
09183,careful,careful,en,asl,0,0,0
09723,center,center,en,asl,0,0,0
09724,center,center,en,asl,0,0,0
09725,center,center,en,asl,0,0,0
09726,center,center,en,asl,0,0,0
65324,center,center,en,asl,0,0,0
09731,center,center,en,asl,0,0,0
09732,center,center,en,asl,0,0,0
09721,center,center,en,asl,0,0,0
09722,center,center,en,asl,0,0,0
10104,chat,chat,en,asl,0,0,0
10105,chat,chat,en,asl,0,0,0
10106,chat,chat,en,asl,0,0,0
10107,chat,chat,en,asl,0,0,0
10108,chat,chat,en,asl,0,0,0
10109,chat,chat,en,asl,0,0,0
10111,chat,chat,en,asl,0,0,0
65338,chat,chat,en,asl,0,0,0
10102,chat,chat,en,asl,0,0,0
10112,chat,chat,en,asl,0,0,0
10114,chat,chat,en,asl,0,0,0
10464,children,children,en,asl,0,0,0
10465,children,children,en,asl,0,0,0
10466,children,children,en,asl,0,0,0
10467,children,children,en,asl,0,0,0
10470,children,children,en,asl,0,0,0
65352,children,children,en,asl,0,0,0
10461,children,children,en,asl,0,0,0
10471,children,children,en,asl,0,0,0
10472,children,children,en,asl,0,0,0
10473,children,children,en,asl,0,0,0
10474,children,children,en,asl,0,0,0
10462,children,children,en,asl,0,0,0
10708,christmas,christmas,en,asl,0,0,0
10709,christmas,christmas,en,asl,0,0,0
10711,christmas,christmas,en,asl,0,0,0
65357,christmas,christmas,en,asl,0,0,0
10703,christmas,christmas,en,asl,0,0,0
10713,christmas,christmas,en,asl,0,0,0
10714,christmas,christmas,en,asl,0,0,0
10715,christmas,christmas,en,asl,0,0,0
10704,christmas,christmas,en,asl,0,0,0
10705,christmas,christmas,en,asl,0,0,0
10706,christmas,christmas,en,asl,0,0,0
10707,christmas,christmas,en,asl,0,0,0
11198,clock,clock,en,asl,0,0,0
11199,clock,clock,en,asl,0,0,0
11200,clock,clock,en,asl,0,0,0
11201,clock,clock,en,asl,0,0,0
11202,clock,clock,en,asl,0,0,0
11203,clock,clock,en,asl,0,0,0
11206,clock,clock,en,asl,0,0,0
11209,clock,clock,en,asl,0,0,0
11210,clock,clock,en,asl,0,0,0
11212,clock,clock,en,asl,0,0,0
11214,clock,clock,en,asl,0,0,0
11252,close,close,en,asl,0,0,0
11254,close,close,en,asl,0,0,0
11255,close,close,en,asl,0,0,0
11256,close,close,en,asl,0,0,0
11257,close,close,en,asl,0,0,0
11259,close,close,en,asl,0,0,0
11260,close,close,en,asl,0,0,0
11261,close,close,en,asl,0,0,0
11262,close,close,en,asl,0,0,0
11264,close,close,en,asl,0,0,0
11265,close,close,en,asl,0,0,0
11267,close,close,en,asl,0,0,0
11268,close,close,en,asl,0,0,0
11253,close,close,en,asl,0,0,0
13135,convince,convince,en,asl,0,0,0
13136,convince,convince,en,asl,0,0,0
13137,convince,convince,en,asl,0,0,0
13138,convince,convince,en,asl,0,0,0
13139,convince,convince,en,asl,0,0,0
13141,convince,convince,en,asl,0,0,0
65400,convince,convince,en,asl,0,0,0
65401,convince,convince,en,asl,0,0,0
13143,convince,convince,en,asl,0,0,0
13144,convince,convince,en,asl,0,0,0
13147,convince,convince,en,asl,0,0,0
13148,convince,convince,en,asl,0,0,0
13134,convince,convince,en,asl,0,0,0
13546,country,country,en,asl,0,0,0
13547,country,country,en,asl,0,0,0
13548,country,country,en,asl,0,0,0
13549,country,country,en,asl,0,0,0
13550,country,country,en,asl,0,0,0
65414,country,country,en,asl,0,0,0
13553,country,country,en,asl,0,0,0
13554,country,country,en,asl,0,0,0
13555,country,country,en,asl,0,0,0
13543,country,country,en,asl,0,0,0
13544,country,country,en,asl,0,0,0
13545,country,country,en,asl,0,0,0
69284,crash,crash,en,asl,0,0,0
13799,crash,crash,en,asl,0,0,0
13804,crash,crash,en,asl,0,0,0
13805,crash,crash,en,asl,0,0,0
13806,crash,crash,en,asl,0,0,0
13811,crash,crash,en,asl,0,0,0
13812,crash,crash,en,asl,0,0,0
13813,crash,crash,en,asl,0,0,0
13800,crash,crash,en,asl,0,0,0
13801,crash,crash,en,asl,0,0,0
13802,crash,crash,en,asl,0,0,0
13803,crash,crash,en,asl,0,0,0
69291,day,day,en,asl,0,0,0
14797,day,day,en,asl,0,0,0
14799,day,day,en,asl,0,0,0
14801,day,day,en,asl,0,0,0
65444,day,day,en,asl,0,0,0
14792,day,day,en,asl,0,0,0
14802,day,day,en,asl,0,0,0
14803,day,day,en,asl,0,0,0
14793,day,day,en,asl,0,0,0
14794,day,day,en,asl,0,0,0
14795,day,day,en,asl,0,0,0
14796,day,day,en,asl,0,0,0
16587,discuss,discuss,en,asl,0,0,0
16588,discuss,discuss,en,asl,0,0,0
16590,discuss,discuss,en,asl,0,0,0
16591,discuss,discuss,en,asl,0,0,0
16592,discuss,discuss,en,asl,0,0,0
16593,discuss,discuss,en,asl,0,0,0
65491,discuss,discuss,en,asl,0,0,0
16597,discuss,discuss,en,asl,0,0,0
16598,discuss,discuss,en,asl,0,0,0
16585,discuss,discuss,en,asl,0,0,0
16586,discuss,discuss,en,asl,0,0,0
65535,dress,dress,en,asl,0,0,0
17660,dress,dress,en,asl,0,0,0
17654,dress,dress,en,asl,0,0,0
17664,dress,dress,en,asl,0,0,0
17665,dress,dress,en,asl,0,0,0
17655,dress,dress,en,asl,0,0,0
17656,dress,dress,en,asl,0,0,0
17657,dress,dress,en,asl,0,0,0
17658,dress,dress,en,asl,0,0,0
17659,dress,dress,en,asl,0,0,0
17761,drive,drive,en,asl,0,0,0
17762,drive,drive,en,asl,0,0,0
17763,drive,drive,en,asl,0,0,0
17764,drive,drive,en,asl,0,0,0
17765,drive,drive,en,asl,0,0,0
17766,drive,drive,en,asl,0,0,0
65542,drive,drive,en,asl,0,0,0
17758,drive,drive,en,asl,0,0,0
17768,drive,drive,en,asl,0,0,0
17771,drive,drive,en,asl,0,0,0
17773,drive,drive,en,asl,0,0,0
65544,drop,drop,en,asl,0,0,0
17825,drop,drop,en,asl,0,0,0
17826,drop,drop,en,asl,0,0,0
17827,drop,drop,en,asl,0,0,0
17828,drop,drop,en,asl,0,0,0
17820,drop,drop,en,asl,0,0,0
17831,drop,drop,en,asl,0,0,0
17832,drop,drop,en,asl,0,0,0
17821,drop,drop,en,asl,0,0,0
17822,drop,drop,en,asl,0,0,0
17823,drop,drop,en,asl,0,0,0
17824,drop,drop,en,asl,0,0,0
65692,fat,fat,en,asl,0,0,0
21250,fat,fat,en,asl,0,0,0
21252,fat,fat,en,asl,0,0,0
21233,fat,fat,en,asl,0,0,0
21234,fat,fat,en,asl,0,0,0
21236,fat,fat,en,asl,0,0,0
21231,fat,fat,en,asl,0,0,0
21237,fat,fat,en,asl,0,0,0
21239,fat,fat,en,asl,0,0,0
21241,fat,fat,en,asl,0,0,0
21242,fat,fat,en,asl,0,0,0
21243,fat,fat,en,asl,0,0,0
69319,feel,feel,en,asl,0,0,0
21441,feel,feel,en,asl,0,0,0
65696,feel,feel,en,asl,0,0,0
21432,feel,feel,en,asl,0,0,0
21442,feel,feel,en,asl,0,0,0
21433,feel,feel,en,asl,0,0,0
21434,feel,feel,en,asl,0,0,0
21435,feel,feel,en,asl,0,0,0
21436,feel,feel,en,asl,0,0,0
69331,football,football,en,asl,0,0,0
22818,football,football,en,asl,0,0,0
22803,football,football,en,asl,0,0,0
22804,football,football,en,asl,0,0,0
22805,football,football,en,asl,0,0,0
22806,football,football,en,asl,0,0,0
22809,football,football,en,asl,0,0,0
22810,football,football,en,asl,0,0,0
65755,football,football,en,asl,0,0,0
22802,football,football,en,asl,0,0,0
22815,football,football,en,asl,0,0,0
23951,future,future,en,asl,0,0,0
23952,future,future,en,asl,0,0,0
23953,future,future,en,asl,0,0,0
65798,future,future,en,asl,0,0,0
65797,future,future,en,asl,0,0,0
23955,future,future,en,asl,0,0,0
23956,future,future,en,asl,0,0,0
23946,future,future,en,asl,0,0,0
23947,future,future,en,asl,0,0,0
23948,future,future,en,asl,0,0,0
23949,future,future,en,asl,0,0,0
24032,game,game,en,asl,0,0,0
24033,game,game,en,asl,0,0,0
65800,game,game,en,asl,0,0,0
24025,game,game,en,asl,0,0,0
24026,game,game,en,asl,0,0,0
24027,game,game,en,asl,0,0,0
24028,game,game,en,asl,0,0,0
24029,game,game,en,asl,0,0,0
69342,girl,girl,en,asl,0,0,0
24613,girl,girl,en,asl,0,0,0
24614,girl,girl,en,asl,0,0,0
65817,girl,girl,en,asl,0,0,0
24605,girl,girl,en,asl,0,0,0
24606,girl,girl,en,asl,0,0,0
24607,girl,girl,en,asl,0,0,0
24608,girl,girl,en,asl,0,0,0
24609,girl,girl,en,asl,0,0,0
24610,girl,girl,en,asl,0,0,0
24611,girl,girl,en,asl,0,0,0
25244,government,government,en,asl,0,0,0
25245,government,government,en,asl,0,0,0
25246,government,government,en,asl,0,0,0
25247,government,government,en,asl,0,0,0
25249,government,government,en,asl,0,0,0
65840,government,government,en,asl,0,0,0
25250,government,government,en,asl,0,0,0
25253,government,government,en,asl,0,0,0
25241,government,government,en,asl,0,0,0
25242,government,government,en,asl,0,0,0
25243,government,government,en,asl,0,0,0
26946,hear,hear,en,asl,0,0,0
26947,hear,hear,en,asl,0,0,0
26948,hear,hear,en,asl,0,0,0
26950,hear,hear,en,asl,0,0,0
26951,hear,hear,en,asl,0,0,0
26942,hear,hear,en,asl,0,0,0
26952,hear,hear,en,asl,0,0,0
26955,hear,hear,en,asl,0,0,0
26956,hear,hear,en,asl,0,0,0
26943,hear,hear,en,asl,0,0,0
26944,hear,hear,en,asl,0,0,0
26945,hear,hear,en,asl,0,0,0
69365,here,here,en,asl,0,0,0
27268,here,here,en,asl,0,0,0
27272,here,here,en,asl,0,0,0
65892,here,here,en,asl,0,0,0
27263,here,here,en,asl,0,0,0
27273,here,here,en,asl,0,0,0
27264,here,here,en,asl,0,0,0
27265,here,here,en,asl,0,0,0
27267,here,here,en,asl,0,0,0
27922,hope,hope,en,asl,0,0,0
27923,hope,hope,en,asl,0,0,0
27925,hope,hope,en,asl,0,0,0
27926,hope,hope,en,asl,0,0,0
27927,hope,hope,en,asl,0,0,0
27929,hope,hope,en,asl,0,0,0
65905,hope,hope,en,asl,0,0,0
27920,hope,hope,en,asl,0,0,0
27933,hope,hope,en,asl,0,0,0
27934,hope,hope,en,asl,0,0,0
27921,hope,hope,en,asl,0,0,0
69369,house,house,en,asl,0,0,0
28168,house,house,en,asl,0,0,0
28159,house,house,en,asl,0,0,0
28169,house,house,en,asl,0,0,0
28160,house,house,en,asl,0,0,0
28161,house,house,en,asl,0,0,0
28162,house,house,en,asl,0,0,0
28163,house,house,en,asl,0,0,0
28164,house,house,en,asl,0,0,0
28469,husband,husband,en,asl,0,0,0
28472,husband,husband,en,asl,0,0,0
65913,husband,husband,en,asl,0,0,0
28463,husband,husband,en,asl,0,0,0
28473,husband,husband,en,asl,0,0,0
28464,husband,husband,en,asl,0,0,0
28465,husband,husband,en,asl,0,0,0
28466,husband,husband,en,asl,0,0,0
28467,husband,husband,en,asl,0,0,0
28468,husband,husband,en,asl,0,0,0
65950,interest,interest,en,asl,0,0,0
30153,interest,interest,en,asl,0,0,0
30154,interest,interest,en,asl,0,0,0
30155,interest,interest,en,asl,0,0,0
30156,interest,interest,en,asl,0,0,0
30158,interest,interest,en,asl,0,0,0
30160,interest,interest,en,asl,0,0,0
30152,interest,interest,en,asl,0,0,0
30162,interest,interest,en,asl,0,0,0
30165,interest,interest,en,asl,0,0,0
30166,interest,interest,en,asl,0,0,0
30168,interest,interest,en,asl,0,0,0
31151,join,join,en,asl,0,0,0
31152,join,join,en,asl,0,0,0
31153,join,join,en,asl,0,0,0
31154,join,join,en,asl,0,0,0
31155,join,join,en,asl,0,0,0
31157,join,join,en,asl,0,0,0
31158,join,join,en,asl,0,0,0
65981,join,join,en,asl,0,0,0
31149,join,join,en,asl,0,0,0
31163,join,join,en,asl,0,0,0
31165,join,join,en,asl,0,0,0
66069,light,light,en,asl,0,0,0
33206,light,light,en,asl,0,0,0
33229,light,light,en,asl,0,0,0
33231,light,light,en,asl,0,0,0
33205,light,light,en,asl,0,0,0
33210,light,light,en,asl,0,0,0
33211,light,light,en,asl,0,0,0
33212,light,light,en,asl,0,0,0
33214,light,light,en,asl,0,0,0
33217,light,light,en,asl,0,0,0
33218,light,light,en,asl,0,0,0
33544,live,live,en,asl,0,0,0
33545,live,live,en,asl,0,0,0
66078,live,live,en,asl,0,0,0
66079,live,live,en,asl,0,0,0
33538,live,live,en,asl,0,0,0
33539,live,live,en,asl,0,0,0
33540,live,live,en,asl,0,0,0
33541,live,live,en,asl,0,0,0
33542,live,live,en,asl,0,0,0
34581,make,make,en,asl,0,0,0
34582,make,make,en,asl,0,0,0
34583,make,make,en,asl,0,0,0
34584,make,make,en,asl,0,0,0
34575,make,make,en,asl,0,0,0
34585,make,make,en,asl,0,0,0
34586,make,make,en,asl,0,0,0
34577,make,make,en,asl,0,0,0
34578,make,make,en,asl,0,0,0
34579,make,make,en,asl,0,0,0
34580,make,make,en,asl,0,0,0
35305,mean,mean,en,asl,0,0,0
35289,mean,mean,en,asl,0,0,0
35291,mean,mean,en,asl,0,0,0
35292,mean,mean,en,asl,0,0,0
35293,mean,mean,en,asl,0,0,0
35295,mean,mean,en,asl,0,0,0
35296,mean,mean,en,asl,0,0,0
35297,mean,mean,en,asl,0,0,0
35298,mean,mean,en,asl,0,0,0
35299,mean,mean,en,asl,0,0,0
35301,mean,mean,en,asl,0,0,0
35302,mean,mean,en,asl,0,0,0
69401,more,more,en,asl,0,0,0
36830,more,more,en,asl,0,0,0
36832,more,more,en,asl,0,0,0
36834,more,more,en,asl,0,0,0
36836,more,more,en,asl,0,0,0
36839,more,more,en,asl,0,0,0
36840,more,more,en,asl,0,0,0
36827,more,more,en,asl,0,0,0
36828,more,more,en,asl,0,0,0
36829,more,more,en,asl,0,0,0
36921,most,most,en,asl,0,0,0
66145,most,most,en,asl,0,0,0
36922,most,most,en,asl,0,0,0
36913,most,most,en,asl,0,0,0
36914,most,most,en,asl,0,0,0
36915,most,most,en,asl,0,0,0
36916,most,most,en,asl,0,0,0
36917,most,most,en,asl,0,0,0
36918,most,most,en,asl,0,0,0
37370,music,music,en,asl,0,0,0
37372,music,music,en,asl,0,0,0
66156,music,music,en,asl,0,0,0
37363,music,music,en,asl,0,0,0
37373,music,music,en,asl,0,0,0
37364,music,music,en,asl,0,0,0
37365,music,music,en,asl,0,0,0
37367,music,music,en,asl,0,0,0
37368,music,music,en,asl,0,0,0
37369,music,music,en,asl,0,0,0
69407,new,new,en,asl,0,0,0
38128,new,new,en,asl,0,0,0
38129,new,new,en,asl,0,0,0
38130,new,new,en,asl,0,0,0
38122,new,new,en,asl,0,0,0
38132,new,new,en,asl,0,0,0
38133,new,new,en,asl,0,0,0
38123,new,new,en,asl,0,0,0
38124,new,new,en,asl,0,0,0
38125,new,new,en,asl,0,0,0
38126,new,new,en,asl,0,0,0
38127,new,new,en,asl,0,0,0
69412,none,none,en,asl,0,0,0
38593,none,none,en,asl,0,0,0
38594,none,none,en,asl,0,0,0
66186,none,none,en,asl,0,0,0
38586,none,none,en,asl,0,0,0
38587,none,none,en,asl,0,0,0
38588,none,none,en,asl,0,0,0
38589,none,none,en,asl,0,0,0
38590,none,none,en,asl,0,0,0
39460,office,office,en,asl,0,0,0
39461,office,office,en,asl,0,0,0
39462,office,office,en,asl,0,0,0
39463,office,office,en,asl,0,0,0
66224,office,office,en,asl,0,0,0
39456,office,office,en,asl,0,0,0
39467,office,office,en,asl,0,0,0
39468,office,office,en,asl,0,0,0
39457,office,office,en,asl,0,0,0
39458,office,office,en,asl,0,0,0
39459,office,office,en,asl,0,0,0
66248,order,order,en,asl,0,0,0
40183,order,order,en,asl,0,0,0
40184,order,order,en,asl,0,0,0
40171,order,order,en,asl,0,0,0
40172,order,order,en,asl,0,0,0
40174,order,order,en,asl,0,0,0
40175,order,order,en,asl,0,0,0
40177,order,order,en,asl,0,0,0
40178,order,order,en,asl,0,0,0
66249,order,order,en,asl,0,0,0
40169,order,order,en,asl,0,0,0
40179,order,order,en,asl,0,0,0
66261,pants,pants,en,asl,0,0,0
40991,pants,pants,en,asl,0,0,0
40992,pants,pants,en,asl,0,0,0
40985,pants,pants,en,asl,0,0,0
40995,pants,pants,en,asl,0,0,0
40996,pants,pants,en,asl,0,0,0
40986,pants,pants,en,asl,0,0,0
40987,pants,pants,en,asl,0,0,0
40988,pants,pants,en,asl,0,0,0
40989,pants,pants,en,asl,0,0,0
40990,pants,pants,en,asl,0,0,0
41315,party,party,en,asl,0,0,0
41316,party,party,en,asl,0,0,0
41317,party,party,en,asl,0,0,0
41318,party,party,en,asl,0,0,0
41320,party,party,en,asl,0,0,0
66265,party,party,en,asl,0,0,0
66266,party,party,en,asl,0,0,0
41311,party,party,en,asl,0,0,0
41321,party,party,en,asl,0,0,0
41322,party,party,en,asl,0,0,0
41324,party,party,en,asl,0,0,0
41325,party,party,en,asl,0,0,0
41312,party,party,en,asl,0,0,0
41452,past,past,en,asl,0,0,0
41453,past,past,en,asl,0,0,0
41454,past,past,en,asl,0,0,0
41446,past,past,en,asl,0,0,0
41457,past,past,en,asl,0,0,0
41447,past,past,en,asl,0,0,0
41448,past,past,en,asl,0,0,0
41449,past,past,en,asl,0,0,0
41450,past,past,en,asl,0,0,0
41451,past,past,en,asl,0,0,0
41830,pencil,pencil,en,asl,0,0,0
41831,pencil,pencil,en,asl,0,0,0
41822,pencil,pencil,en,asl,0,0,0
41832,pencil,pencil,en,asl,0,0,0
41833,pencil,pencil,en,asl,0,0,0
41823,pencil,pencil,en,asl,0,0,0
41824,pencil,pencil,en,asl,0,0,0
41825,pencil,pencil,en,asl,0,0,0
41826,pencil,pencil,en,asl,0,0,0
43062,plan,plan,en,asl,0,0,0
66298,plan,plan,en,asl,0,0,0
43056,plan,plan,en,asl,0,0,0
43066,plan,plan,en,asl,0,0,0
43067,plan,plan,en,asl,0,0,0
43057,plan,plan,en,asl,0,0,0
43058,plan,plan,en,asl,0,0,0
43059,plan,plan,en,asl,0,0,0
43060,plan,plan,en,asl,0,0,0
43061,plan,plan,en,asl,0,0,0
69434,please,please,en,asl,0,0,0
43225,please,please,en,asl,0,0,0
43226,please,please,en,asl,0,0,0
43217,please,please,en,asl,0,0,0
43218,please,please,en,asl,0,0,0
43219,please,please,en,asl,0,0,0
43220,please,please,en,asl,0,0,0
43221,please,please,en,asl,0,0,0
43222,please,please,en,asl,0,0,0
44087,practice,practice,en,asl,0,0,0
44088,practice,practice,en,asl,0,0,0
66320,practice,practice,en,asl,0,0,0
44090,practice,practice,en,asl,0,0,0
44091,practice,practice,en,asl,0,0,0
44081,practice,practice,en,asl,0,0,0
44082,practice,practice,en,asl,0,0,0
44083,practice,practice,en,asl,0,0,0
44084,practice,practice,en,asl,0,0,0
44085,practice,practice,en,asl,0,0,0
44086,practice,practice,en,asl,0,0,0
44372,president,president,en,asl,0,0,0
44373,president,president,en,asl,0,0,0
44374,president,president,en,asl,0,0,0
66326,president,president,en,asl,0,0,0
44367,president,president,en,asl,0,0,0
44377,president,president,en,asl,0,0,0
44378,president,president,en,asl,0,0,0
44368,president,president,en,asl,0,0,0
44369,president,president,en,asl,0,0,0
44370,president,president,en,asl,0,0,0
44371,president,president,en,asl,0,0,0
47661,restaurant,restaurant,en,asl,0,0,0
66398,restaurant,restaurant,en,asl,0,0,0
47665,restaurant,restaurant,en,asl,0,0,0
47666,restaurant,restaurant,en,asl,0,0,0
47656,restaurant,restaurant,en,asl,0,0,0
47657,restaurant,restaurant,en,asl,0,0,0
47658,restaurant,restaurant,en,asl,0,0,0
47659,restaurant,restaurant,en,asl,0,0,0
47660,restaurant,restaurant,en,asl,0,0,0
48047,ride,ride,en,asl,0,0,0
48049,ride,ride,en,asl,0,0,0
48050,ride,ride,en,asl,0,0,0
48051,ride,ride,en,asl,0,0,0
66405,ride,ride,en,asl,0,0,0
48042,ride,ride,en,asl,0,0,0
48053,ride,ride,en,asl,0,0,0
48054,ride,ride,en,asl,0,0,0
48055,ride,ride,en,asl,0,0,0
48043,ride,ride,en,asl,0,0,0
48044,ride,ride,en,asl,0,0,0
48045,ride,ride,en,asl,0,0,0
48901,russia,russia,en,asl,0,0,0
48902,russia,russia,en,asl,0,0,0
48903,russia,russia,en,asl,0,0,0
48904,russia,russia,en,asl,0,0,0
48905,russia,russia,en,asl,0,0,0
48907,russia,russia,en,asl,0,0,0
48908,russia,russia,en,asl,0,0,0
48912,russia,russia,en,asl,0,0,0
48913,russia,russia,en,asl,0,0,0
48899,russia,russia,en,asl,0,0,0
69451,salt,salt,en,asl,0,0,0
49134,salt,salt,en,asl,0,0,0
66422,salt,salt,en,asl,0,0,0
49129,salt,salt,en,asl,0,0,0
49139,salt,salt,en,asl,0,0,0
49140,salt,salt,en,asl,0,0,0
49130,salt,salt,en,asl,0,0,0
49131,salt,salt,en,asl,0,0,0
49132,salt,salt,en,asl,0,0,0
49133,salt,salt,en,asl,0,0,0
49249,sandwich,sandwich,en,asl,0,0,0
49250,sandwich,sandwich,en,asl,0,0,0
49251,sandwich,sandwich,en,asl,0,0,0
49252,sandwich,sandwich,en,asl,0,0,0
66423,sandwich,sandwich,en,asl,0,0,0
66424,sandwich,sandwich,en,asl,0,0,0
49254,sandwich,sandwich,en,asl,0,0,0
49255,sandwich,sandwich,en,asl,0,0,0
49245,sandwich,sandwich,en,asl,0,0,0
49246,sandwich,sandwich,en,asl,0,0,0
49247,sandwich,sandwich,en,asl,0,0,0
49248,sandwich,sandwich,en,asl,0,0,0
66478,sign,sign,en,asl,0,0,0
51621,sign,sign,en,asl,0,0,0
51616,sign,sign,en,asl,0,0,0
51617,sign,sign,en,asl,0,0,0
51628,sign,sign,en,asl,0,0,0
51614,sign,sign,en,asl,0,0,0
51637,sign,sign,en,asl,0,0,0
51615,sign,sign,en,asl,0,0,0
51622,sign,sign,en,asl,0,0,0
69472,since,since,en,asl,0,0,0
51780,since,since,en,asl,0,0,0
51781,since,since,en,asl,0,0,0
66482,since,since,en,asl,0,0,0
66483,since,since,en,asl,0,0,0
51773,since,since,en,asl,0,0,0
51774,since,since,en,asl,0,0,0
51775,since,since,en,asl,0,0,0
51776,since,since,en,asl,0,0,0
51778,since,since,en,asl,0,0,0
52552,small,small,en,asl,0,0,0
52554,small,small,en,asl,0,0,0
52555,small,small,en,asl,0,0,0
52556,small,small,en,asl,0,0,0
52557,small,small,en,asl,0,0,0
52558,small,small,en,asl,0,0,0
52559,small,small,en,asl,0,0,0
52560,small,small,en,asl,0,0,0
52565,small,small,en,asl,0,0,0
52566,small,small,en,asl,0,0,0
52551,small,small,en,asl,0,0,0
69484,some,some,en,asl,0,0,0
53215,some,some,en,asl,0,0,0
53216,some,some,en,asl,0,0,0
53207,some,some,en,asl,0,0,0
53208,some,some,en,asl,0,0,0
53209,some,some,en,asl,0,0,0
53210,some,some,en,asl,0,0,0
53211,some,some,en,asl,0,0,0
53212,some,some,en,asl,0,0,0
53488,south,south,en,asl,0,0,0
53482,south,south,en,asl,0,0,0
53492,south,south,en,asl,0,0,0
53493,south,south,en,asl,0,0,0
53483,south,south,en,asl,0,0,0
53484,south,south,en,asl,0,0,0
53485,south,south,en,asl,0,0,0
53486,south,south,en,asl,0,0,0
53487,south,south,en,asl,0,0,0
69494,student,student,en,asl,0,0,0
55343,student,student,en,asl,0,0,0
55337,student,student,en,asl,0,0,0
55347,student,student,en,asl,0,0,0
55348,student,student,en,asl,0,0,0
55338,student,student,en,asl,0,0,0
55339,student,student,en,asl,0,0,0
55340,student,student,en,asl,0,0,0
55341,student,student,en,asl,0,0,0
55342,student,student,en,asl,0,0,0
57067,teach,teach,en,asl,0,0,0
57058,teach,teach,en,asl,0,0,0
57068,teach,teach,en,asl,0,0,0
57059,teach,teach,en,asl,0,0,0
57060,teach,teach,en,asl,0,0,0
57061,teach,teach,en,asl,0,0,0
57062,teach,teach,en,asl,0,0,0
57063,teach,teach,en,asl,0,0,0
57064,teach,teach,en,asl,0,0,0
57785,theory,theory,en,asl,0,0,0
57786,theory,theory,en,asl,0,0,0
57787,theory,theory,en,asl,0,0,0
57788,theory,theory,en,asl,0,0,0
57789,theory,theory,en,asl,0,0,0
66603,theory,theory,en,asl,0,0,0
66604,theory,theory,en,asl,0,0,0
57791,theory,theory,en,asl,0,0,0
57793,theory,theory,en,asl,0,0,0
57794,theory,theory,en,asl,0,0,0
57782,theory,theory,en,asl,0,0,0
57783,theory,theory,en,asl,0,0,0
57784,theory,theory,en,asl,0,0,0
58789,tomato,tomato,en,asl,0,0,0
58790,tomato,tomato,en,asl,0,0,0
58791,tomato,tomato,en,asl,0,0,0
66654,tomato,tomato,en,asl,0,0,0
58784,tomato,tomato,en,asl,0,0,0
58794,tomato,tomato,en,asl,0,0,0
58795,tomato,tomato,en,asl,0,0,0
58785,tomato,tomato,en,asl,0,0,0
58786,tomato,tomato,en,asl,0,0,0
58787,tomato,tomato,en,asl,0,0,0
58788,tomato,tomato,en,asl,0,0,0
59310,train,train,en,asl,0,0,0
59311,train,train,en,asl,0,0,0
59314,train,train,en,asl,0,0,0
59316,train,train,en,asl,0,0,0
66665,train,train,en,asl,0,0,0
59307,train,train,en,asl,0,0,0
59318,train,train,en,asl,0,0,0
59319,train,train,en,asl,0,0,0
59320,train,train,en,asl,0,0,0
59308,train,train,en,asl,0,0,0
59309,train,train,en,asl,0,0,0
60351,ugly,ugly,en,asl,0,0,0
60352,ugly,ugly,en,asl,0,0,0
60353,ugly,ugly,en,asl,0,0,0
60354,ugly,ugly,en,asl,0,0,0
60356,ugly,ugly,en,asl,0,0,0
60357,ugly,ugly,en,asl,0,0,0
60346,ugly,ugly,en,asl,0,0,0
60347,ugly,ugly,en,asl,0,0,0
60348,ugly,ugly,en,asl,0,0,0
60349,ugly,ugly,en,asl,0,0,0
60350,ugly,ugly,en,asl,0,0,0
62278,war,war,en,asl,0,0,0
62279,war,war,en,asl,0,0,0
66746,war,war,en,asl,0,0,0
62273,war,war,en,asl,0,0,0
62283,war,war,en,asl,0,0,0
62284,war,war,en,asl,0,0,0
62274,war,war,en,asl,0,0,0
62275,war,war,en,asl,0,0,0
62276,war,war,en,asl,0,0,0
62277,war,war,en,asl,0,0,0
63087,where,where,en,asl,0,0,0
63090,where,where,en,asl,0,0,0
66774,where,where,en,asl,0,0,0
63081,where,where,en,asl,0,0,0
63091,where,where,en,asl,0,0,0
63082,where,where,en,asl,0,0,0
63083,where,where,en,asl,0,0,0
63084,where,where,en,asl,0,0,0
63085,where,where,en,asl,0,0,0
64432,your,your,en,asl,0,0,0
64433,your,your,en,asl,0,0,0
64434,your,your,en,asl,0,0,0
64427,your,your,en,asl,0,0,0
64440,your,your,en,asl,0,0,0
64428,your,your,en,asl,0,0,0
64429,your,your,en,asl,0,0,0
64430,your,your,en,asl,0,0,0
64431,your,your,en,asl,0,0,0
65061,always,always,en,asl,0,0,0
02237,always,always,en,asl,0,0,0
02238,always,always,en,asl,0,0,0
02228,always,always,en,asl,0,0,0
02229,always,always,en,asl,0,0,0
02230,always,always,en,asl,0,0,0
02231,always,always,en,asl,0,0,0
02232,always,always,en,asl,0,0,0
02233,always,always,en,asl,0,0,0
69211,animal,animal,en,asl,0,0,0
02591,animal,animal,en,asl,0,0,0
02592,animal,animal,en,asl,0,0,0
65073,animal,animal,en,asl,0,0,0
02583,animal,animal,en,asl,0,0,0
02584,animal,animal,en,asl,0,0,0
02585,animal,animal,en,asl,0,0,0
02586,animal,animal,en,asl,0,0,0
02587,animal,animal,en,asl,0,0,0
02588,animal,animal,en,asl,0,0,0
02589,animal,animal,en,asl,0,0,0
03268,argue,argue,en,asl,0,0,0
03270,argue,argue,en,asl,0,0,0
03272,argue,argue,en,asl,0,0,0
03273,argue,argue,en,asl,0,0,0
03274,argue,argue,en,asl,0,0,0
65092,argue,argue,en,asl,0,0,0
03276,argue,argue,en,asl,0,0,0
03277,argue,argue,en,asl,0,0,0
03278,argue,argue,en,asl,0,0,0
03281,argue,argue,en,asl,0,0,0
03282,argue,argue,en,asl,0,0,0
03267,argue,argue,en,asl,0,0,0
69217,baby,baby,en,asl,0,0,0
04513,baby,baby,en,asl,0,0,0
04514,baby,baby,en,asl,0,0,0
65119,baby,baby,en,asl,0,0,0
04505,baby,baby,en,asl,0,0,0
04506,baby,baby,en,asl,0,0,0
04507,baby,baby,en,asl,0,0,0
04508,baby,baby,en,asl,0,0,0
04509,baby,baby,en,asl,0,0,0
04510,baby,baby,en,asl,0,0,0
04511,baby,baby,en,asl,0,0,0
69218,back,back,en,asl,0,0,0
65120,back,back,en,asl,0,0,0
04596,back,back,en,asl,0,0,0
04597,back,back,en,asl,0,0,0
04600,back,back,en,asl,0,0,0
04601,back,back,en,asl,0,0,0
04592,back,back,en,asl,0,0,0
04603,back,back,en,asl,0,0,0
04604,back,back,en,asl,0,0,0
04593,back,back,en,asl,0,0,0
04595,back,back,en,asl,0,0,0
04774,bake,bake,en,asl,0,0,0
04775,bake,bake,en,asl,0,0,0
65127,bake,bake,en,asl,0,0,0
65128,bake,bake,en,asl,0,0,0
04768,bake,bake,en,asl,0,0,0
04769,bake,bake,en,asl,0,0,0
04770,bake,bake,en,asl,0,0,0
04771,bake,bake,en,asl,0,0,0
04772,bake,bake,en,asl,0,0,0
05284,bath,bath,en,asl,0,0,0
65147,bath,bath,en,asl,0,0,0
05275,bath,bath,en,asl,0,0,0
05285,bath,bath,en,asl,0,0,0
05276,bath,bath,en,asl,0,0,0
05277,bath,bath,en,asl,0,0,0
05278,bath,bath,en,asl,0,0,0
05279,bath,bath,en,asl,0,0,0
05280,bath,bath,en,asl,0,0,0
05805,behind,behind,en,asl,0,0,0
05806,behind,behind,en,asl,0,0,0
05808,behind,behind,en,asl,0,0,0
65169,behind,behind,en,asl,0,0,0
05803,behind,behind,en,asl,0,0,0
05815,behind,behind,en,asl,0,0,0
05816,behind,behind,en,asl,0,0,0
05804,behind,behind,en,asl,0,0,0
69250,bring,bring,en,asl,0,0,0
07814,bring,bring,en,asl,0,0,0
07815,bring,bring,en,asl,0,0,0
65260,bring,bring,en,asl,0,0,0
07806,bring,bring,en,asl,0,0,0
07807,bring,bring,en,asl,0,0,0
07808,bring,bring,en,asl,0,0,0
07809,bring,bring,en,asl,0,0,0
07810,bring,bring,en,asl,0,0,0
07811,bring,bring,en,asl,0,0,0
69262,catch,catch,en,asl,0,0,0
09459,catch,catch,en,asl,0,0,0
09458,catch,catch,en,asl,0,0,0
65314,catch,catch,en,asl,0,0,0
09457,catch,catch,en,asl,0,0,0
09461,catch,catch,en,asl,0,0,0
09462,catch,catch,en,asl,0,0,0
09467,catch,catch,en,asl,0,0,0
09463,catch,catch,en,asl,0,0,0
09468,catch,catch,en,asl,0,0,0
09464,catch,catch,en,asl,0,0,0
09472,catch,catch,en,asl,0,0,0
09473,catch,catch,en,asl,0,0,0
69264,cereal,cereal,en,asl,0,0,0
09777,cereal,cereal,en,asl,0,0,0
09781,cereal,cereal,en,asl,0,0,0
65325,cereal,cereal,en,asl,0,0,0
09784,cereal,cereal,en,asl,0,0,0
09785,cereal,cereal,en,asl,0,0,0
09786,cereal,cereal,en,asl,0,0,0
09774,cereal,cereal,en,asl,0,0,0
09775,cereal,cereal,en,asl,0,0,0
