video,gloss
69241,book
65225,book
68011,book
68012,book
70212,book
70266,book
07069,book
07068,book
07070,book
07099,book
07074,book
07075,book
07076,book
69302,drink
65539,drink
70173,drink
68042,drink
68041,drink
17725,drink
17728,drink
17710,drink
17729,drink
17730,drink
17731,drink
17733,drink
65540,drink
17734,drink
17711,drink
17712,drink
17713,drink
17709,drink
17720,drink
17721,drink
17722,drink
17723,drink
17724,drink
12306,computer
68028,computer
12328,computer
12329,computer
12330,computer
12312,computer
12331,computer
12333,computer
12335,computer
12311,computer
12338,computer
12313,computer
12314,computer
12315,computer
12316,computer
12317,computer
12318,computer
12319,computer
12320,computer
12326,computer
12327,computer
05724,before
70348,before
68007,before
05744,before
05746,before
05728,before
05747,before
05749,before
05750,before
05729,before
05730,before
65167,before
05731,before
05732,before
05733,before
05734,before
05727,before
05739,before
05740,before
05741,before
05742,before
05743,before
09847,chair
70230,chair
70263,chair
68019,chair
09848,chair
09869,chair
09849,chair
09850,chair
09851,chair
65328,chair
09854,chair
09855,chair
24857,go
69345,go
24955,go
24956,go
24941,go
24960,go
24961,go
24962,go
24969,go
24970,go
65824,go
24973,go
24943,go
24946,go
24947,go
24940,go
24952,go
24954,go
11305,clothes
68024,clothes
11310,clothes
11330,clothes
11311,clothes
11313,clothes
11314,clothes
11315,clothes
11309,clothes
11316,clothes
63219,who
69534,who
68183,who
63239,who
63240,who
63242,who
63226,who
63227,who
63228,who
63229,who
63230,who
63231,who
66778,who
63232,who
66779,who
63225,who
63236,who
63237,who
08909,candy
68018,candy
70326,candy
08929,candy
08916,candy
08917,candy
08918,candy
08919,candy
08920,candy
08921,candy
65298,candy
08924,candy
65299,candy
65300,candy
08915,candy
08925,candy
08926,candy
08927,candy
65415,cousin
70332,cousin
13647,cousin
13648,cousin
13631,cousin
13632,cousin
13633,cousin
13634,cousin
13635,cousin
13636,cousin
13630,cousin
13640,cousin
13641,cousin
13642,cousin
13643,cousin
13646,cousin
14855,deaf
70015,deaf
68033,deaf
14899,deaf
14882,deaf
14903,deaf
14883,deaf
14884,deaf
14885,deaf
14886,deaf
65445,deaf
14887,deaf
14888,deaf
14893,deaf
14894,deaf
14896,deaf
14898,deaf
65717,fine
70234,fine
68048,fine
21885,fine
21886,fine
21887,fine
21870,fine
21890,fine
21891,fine
21871,fine
21872,fine
21869,fine
21874,fine
21878,fine
21883,fine
21884,fine
27194,help
69364,help
27221,help
27206,help
27207,help
27208,help
27209,help
65890,help
27213,help
27214,help
65891,help
65889,help
27215,help
27216,help
27217,help
38482,no
69411,no
68110,no
38539,no
38540,no
38541,no
38525,no
38544,no
38527,no
38529,no
38530,no
38532,no
38533,no
66183,no
38524,no
38534,no
38538,no
57919,thin
57948,thin
57949,thin
57950,thin
57934,thin
57953,thin
57935,thin
57936,thin
57937,thin
66606,thin
57939,thin
57940,thin
57941,thin
57942,thin
66607,thin
57933,thin
57943,thin
57947,thin
62152,walk
68177,walk
62173,walk
62175,walk
62159,walk
62160,walk
62163,walk
62164,walk
66743,walk
66742,walk
62158,walk
62168,walk
62169,walk
62170,walk
62171,walk
64201,year
64211,year
68190,year
70306,year
64224,year
64210,year
64212,year
66818,year
64213,year
66816,year
64209,year
64219,year
64218,year
64221,year
64222,year
64275,yes
69546,yes
64287,yes
68192,yes
64284,yes
64291,yes
64292,yes
64293,yes
64294,yes
64295,yes
64296,yes
66820,yes
64297,yes
64280,yes
64300,yes
64281,yes
64288,yes
64283,yes
01912,all
69206,all
68001,all
02003,all
01987,all
01988,all
01991,all
01992,all
65043,all
01995,all
01986,all
01996,all
01997,all
02000,all
06455,black
69236,black
70244,black
06472,black
06473,black
06474,black
06476,black
06477,black
06478,black
06480,black
65200,black
06471,black
06481,black
06482,black
06483,black
06486,black
69281,cool
65403,cool
70271,cool
13213,cool
13214,cool
13197,cool
13216,cool
13217,cool
13198,cool
13199,cool
13200,cool
13201,cool
65402,cool
13202,cool
13203,cool
13196,cool
13208,cool
13209,cool
21933,finish
70361,finish
68050,finish
21942,finish
21943,finish
21944,finish
21945,finish
21949,finish
21950,finish
65721,finish
21941,finish
21951,finish
21952,finish
21953,finish
21954,finish
21955,finish
28074,hot
69368,hot
70270,hot
28125,hot
28108,hot
28109,hot
28110,hot
28111,hot
28112,hot
28115,hot
28116,hot
28107,hot
28118,hot
28119,hot
28120,hot
28121,hot
28122,hot
69389,like
33266,like
68093,like
70299,like
33285,like
33267,like
33286,like
33268,like
33269,like
33270,like
33273,like
33274,like
33277,like
33278,like
33279,like
33280,like
33281,like
33282,like
34822,many
69396,many
70308,many
34823,many
34824,many
34825,many
34826,many
34827,many
34830,many
34831,many
34832,many
34834,many
34835,many
34836,many
34839,many
36927,mother
69402,mother
36946,mother
36930,mother
36931,mother
36932,mother
36933,mother
36936,mother
36937,mother
36938,mother
66147,mother
66146,mother
36929,mother
36939,mother
36940,mother
36941,mother
36942,mother
36944,mother
38982,now
69413,now
38994,now
70345,now
68114,now
38999,now
39000,now
39001,now
39002,now
39003,now
38990,now
39004,now
39006,now
38991,now
38995,now
38997,now
40114,orange
69422,orange
70310,orange
70249,orange
68122,orange
40115,orange
40116,orange
40117,orange
40118,orange
40119,orange
40121,orange
40122,orange
40123,orange
66246,orange
40126,orange
40129,orange
40130,orange
56552,table
70323,table
56557,table
56579,table
56558,table
56556,table
56563,table
56566,table
56567,table
57645,thanksgiving
57628,thanksgiving
57647,thanksgiving
57629,thanksgiving
57630,thanksgiving
57631,thanksgiving
57632,thanksgiving
57633,thanksgiving
57634,thanksgiving
57635,thanksgiving
57638,thanksgiving
57639,thanksgiving
57640,thanksgiving
57641,thanksgiving
57642,thanksgiving
57643,thanksgiving
62944,what
69531,what
62967,what
62968,what
62970,what
62984,what
66769,what
62987,what
62964,what
62988,what
62975,what
62965,what
62979,what
62966,what
63662,woman
68187,woman
63679,woman
63665,woman
63666,woman
63667,woman
63668,woman
63669,woman
63672,woman
63673,woman
66798,woman
66799,woman
63664,woman
63675,woman
63676,woman
63677,woman
05628,bed
05644,bed
05629,bed
05630,bed
05631,bed
05632,bed
05633,bed
05634,bed
05636,bed
65162,bed
05637,bed
65163,bed
65161,bed
05638,bed
05639,bed
05641,bed
06822,blue
69238,blue
68010,blue
06835,blue
06839,blue
06840,blue
06841,blue
65216,blue
06832,blue
06842,blue
06845,blue
06833,blue
06834,blue
07383,bowling
07389,bowling
07390,bowling
07391,bowling
07392,bowling
07393,bowling
07394,bowling
07397,bowling
65242,bowling
65241,bowling
07388,bowling
07398,bowling
07399,bowling
07400,bowling
07401,bowling
07402,bowling
69257,can
65294,can
08955,can
08935,can
08936,can
08937,can
08938,can
08942,can
08944,can
08945,can
08946,can
08948,can
17076,dog
69298,dog
68035,dog
17097,dog
17084,dog
17085,dog
17086,dog
17087,dog
17090,dog
17091,dog
65506,dog
65507,dog
17083,dog
17093,dog
17095,dog
20976,family
69316,family
20980,family
20981,family
20982,family
20983,family
20986,family
20987,family
65677,family
20978,family
20988,family
20989,family
20990,family
20992,family
20979,family
22109,fish
69325,fish
22130,fish
22114,fish
22115,fish
22116,fish
22117,fish
22120,fish
22121,fish
65731,fish
22113,fish
22125,fish
22126,fish
22127,fish
22128,fish
25318,graduate
70176,graduate
25339,graduate
25322,graduate
25323,graduate
25324,graduate
25325,graduate
25326,graduate
65843,graduate
25329,graduate
25330,graduate
25321,graduate
25332,graduate
25333,graduate
26688,hat
69359,hat
68068,hat
26713,hat
26712,hat
26739,hat
26741,hat
26714,hat
26715,hat
26717,hat
26719,hat
26721,hat
26723,hat
26724,hat
65884,hearing
70016,hearing
68070,hearing
26972,hearing
26973,hearing
26974,hearing
26975,hearing
26976,hearing
26971,hearing
26980,hearing
26982,hearing
26983,hearing
26984,hearing
26985,hearing
26986,hearing
31746,kiss
31765,kiss
31767,kiss
31750,kiss
31751,kiss
31752,kiss
31753,kiss
31755,kiss
31756,kiss
65996,kiss
31757,kiss
31758,kiss
31749,kiss
31759,kiss
31762,kiss
32146,language
68084,language
68085,language
32156,language
32157,language
32158,language
32160,language
32163,language
66008,language
66007,language
32154,language
32164,language
32167,language
32155,language
32319,later
32335,later
32337,later
32338,later
32320,later
32321,later
32322,later
32323,later
32324,later
32325,later
66015,later
32326,later
66014,later
32333,later
32334,later
34685,man
69395,man
34746,man
34733,man
34734,man
34736,man
34737,man
34738,man
66098,man
66099,man
66097,man
34732,man
34742,man
34743,man
34744,man
51054,shirt
51057,shirt
51081,shirt
51056,shirt
51058,shirt
51059,shirt
51060,shirt
51061,shirt
51063,shirt
51064,shirt
51066,shirt
51067,shirt
51068,shirt
51069,shirt
51071,shirt
51072,shirt
55356,study
68162,study
55364,study
55365,study
55366,study
55368,study
55369,study
55370,study
66575,study
55361,study
55371,study
55372,study
55373,study
55375,study
55362,study
55363,study
56835,tall
56852,tall
56838,tall
56839,tall
56840,tall
56841,tall
56842,tall
56843,tall
56844,tall
66591,tall
56846,tall
66592,tall
56837,tall
56848,tall
56849,tall
56850,tall
63191,white
69533,white
68182,white
70245,white
63204,white
63205,white
63207,white
63208,white
63200,white
63210,white
63211,white
63212,white
63214,white
63201,white
63202,white
63203,white
64082,wrong
68189,wrong
70296,wrong
70132,wrong
64087,wrong
64088,wrong
64090,wrong
64091,wrong
64092,wrong
64093,wrong
64084,wrong
64094,wrong
64095,wrong
64097,wrong
64085,wrong
64086,wrong
00618,accident
00639,accident
00624,accident
00625,accident
00626,accident
00627,accident
00628,accident
00629,accident
00631,accident
00632,accident
65009,accident
00623,accident
00633,accident
00634,accident
00635,accident
02997,apple
69213,apple
68003,apple
70309,apple
03005,apple
03006,apple
03008,apple
65085,apple
65086,apple
65084,apple
02999,apple
03000,apple
03001,apple
03002,apple
03003,apple
06326,bird
69233,bird
70107,bird
06333,bird
06334,bird
06335,bird
06337,bird
06338,bird
65187,bird
06330,bird
06340,bird
06341,bird
06343,bird
06331,bird
06332,bird
09945,change
70379,change
09966,change
09967,change
09968,change
09950,change
09970,change
09953,change
09954,change
09955,change
09956,change
09957,change
09949,change
09960,change
09963,change
11752,color
69274,color
68027,color
11772,color
11773,color
11774,color
11775,color
11776,color
11767,color
11777,color
11778,color
11780,color
11768,color
11769,color
11770,color
13309,corn
69282,corn
13337,corn
13325,corn
13326,corn
13327,corn
13328,corn
13329,corn
65408,corn
65409,corn
13323,corn
13333,corn
13334,corn
13681,cow
69283,cow
13697,cow
13698,cow
13699,cow
13702,cow
13703,cow
13704,cow
13695,cow
13705,cow
13707,cow
13708,cow
13710,cow
13696,cow
14621,dance
68032,dance
70152,dance
14627,dance
14628,dance
14630,dance
65434,dance
14631,dance
14633,dance
14622,dance
14623,dance
14624,dance
14625,dance
14669,dark
69290,dark
14673,dark
14674,dark
14675,dark
14676,dark
14680,dark
65439,dark
65440,dark
14671,dark
14681,dark
14682,dark
14685,dark
14672,dark
17007,doctor
70049,doctor
17015,doctor
17016,doctor
17017,doctor
17019,doctor
17020,doctor
17022,doctor
65503,doctor
65504,doctor
17013,doctor
17023,doctor
17026,doctor
17014,doctor
18316,eat
69307,eat
68044,eat
18329,eat
18331,eat
18332,eat
65601,eat
18323,eat
18335,eat
18324,eat
18325,eat
19255,enjoy
68046,enjoy
70051,enjoy
19261,enjoy
19264,enjoy
19266,enjoy
65635,enjoy
19257,enjoy
19267,enjoy
19269,enjoy
19258,enjoy
19259,enjoy
19260,enjoy
65761,forget
68053,forget
68054,forget
70376,forget
22954,forget
22955,forget
22960,forget
22961,forget
22962,forget
22963,forget
22964,forget
22965,forget
22967,forget
22952,forget
22953,forget
69343,give
24655,give
24657,give
24658,give
24660,give
24638,give
24639,give
24640,give
24641,give
24636,give
24648,give
24649,give
24651,give
24652,give
66010,last
68086,last
32263,last
32248,last
32249,last
32250,last
32253,last
32254,last
32255,last
32246,last
32257,last
32258,last
32260,last
32261,last
35506,meet
68099,meet
35511,meet
35512,meet
35513,meet
35516,meet
35517,meet
35518,meet
66112,meet
35509,meet
35519,meet
35520,meet
35521,meet
35523,meet
42827,pink
69430,pink
68132,pink
70246,pink
42831,pink
42832,pink
42833,pink
42836,pink
42838,pink
66296,pink
42829,pink
42840,pink
42843,pink
42830,pink
42953,pizza
69431,pizza
42974,pizza
42977,pizza
42958,pizza
42959,pizza
42960,pizza
42961,pizza
66297,pizza
42962,pizza
42956,pizza
42966,pizza
42967,pizza
42969,pizza
42971,pizza
42972,pizza
69433,play
43166,play
68133,play
43170,play
43171,play
43173,play
43174,play
43175,play
43179,play
43180,play
43167,play
43168,play
43169,play
49577,school
69455,school
70207,school
68145,school
49602,school
49603,school
49595,school
49606,school
49596,school
49597,school
49598,school
49599,school
49600,school
50036,secretary
50037,secretary
50038,secretary
50039,secretary
50040,secretary
50041,secretary
50044,secretary
50045,secretary
66441,secretary
50046,secretary
50047,secretary
50048,secretary
50049,secretary
50050,secretary
50052,secretary
51206,short
70355,short
51221,short
51223,short
51224,short
51225,short
51226,short
51227,short
66469,short
51220,short
51231,short
51232,short
51233,short
51235,short
51236,short
58488,time
69511,time
70356,time
68171,time
58502,time
58503,time
58504,time
66644,time
58497,time
58508,time
58498,time
58499,time
62241,want
69524,want
68178,want
62246,want
62247,want
62248,want
62250,want
62251,want
62253,want
62244,want
62254,want
62259,want
62245,want
63769,work
63806,work
63789,work
63790,work
63791,work
63792,work
63793,work
63795,work
66804,work
63788,work
63799,work
63801,work
63803,work
01382,africa
01383,africa
01384,africa
01385,africa
01386,africa
01387,africa
01388,africa
01391,africa
65029,africa
01392,africa
01393,africa
01394,africa
01395,africa
01398,africa
05227,basketball
69225,basketball
05230,basketball
05231,basketball
05232,basketball
05233,basketball
05234,basketball
05238,basketball
65144,basketball
65145,basketball
05229,basketball
05239,basketball
05241,basketball
05243,basketball
06355,birthday
65192,birthday
70357,birthday
70359,birthday
06365,birthday
06366,birthday
06367,birthday
06368,birthday
06359,birthday
06369,birthday
06371,birthday
06360,birthday
06363,birthday
07957,brown
69252,brown
70242,brown
07963,brown
07966,brown
07967,brown
07968,brown
65263,brown
07960,brown
07971,brown
07973,brown
07961,brown
07962,brown
08421,but
68016,but
08429,but
08431,but
08432,but
08433,but
65278,but
08424,but
08434,but
08435,but
08437,but
08425,but
08426,but
10146,cheat
10161,cheat
10147,cheat
10166,cheat
10148,cheat
10149,cheat
65341,cheat
10151,cheat
65342,cheat
10157,cheat
10158,cheat
10159,cheat
10160,cheat
10888,city
69269,city
10895,city
10898,city
10899,city
10900,city
10901,city
65362,city
65363,city
10892,city
10902,city
10904,city
10893,city
10894,city
13154,cook
70030,cook
68029,cook
13158,cook
13160,cook
13161,cook
13162,cook
13164,cook
13165,cook
13167,cook
13168,cook
13155,cook
13156,cook
13157,cook
15031,decide
70119,decide
15034,decide
15035,decide
15037,decide
15038,decide
15039,decide
15040,decide
65449,decide
65450,decide
15041,decide
15043,decide
15032,decide
15033,decide
65792,full
70029,full
23782,full
23771,full
23774,full
23775,full
23766,full
23776,full
23777,full
23778,full
23779,full
23767,full
23768,full
23769,full
28187,how
69370,how
70295,how
28205,how
28210,how
28201,how
28211,how
28212,how
28214,how
28202,how
28203,how
28204,how
30830,jacket
68079,jacket
30849,jacket
30831,jacket
30832,jacket
30833,jacket
30834,jacket
30835,jacket
30840,jacket
30843,jacket
66038,letter
70325,letter
68089,letter
32948,letter
32949,letter
32950,letter
32953,letter
32954,letter
32945,letter
32955,letter
32956,letter
32959,letter
32946,letter
32947,letter
66111,medicine
35454,medicine
35455,medicine
35456,medicine
35458,medicine
35460,medicine
35461,medicine
35452,medicine
35467,medicine
35453,medicine
37879,need
70237,need
37886,need
37887,need
37888,need
37889,need
37890,need
37881,need
37891,need
37894,need
37882,need
37883,need
37884,need
40816,paint
68125,paint
40840,paint
40841,paint
40842,paint
40843,paint
40834,paint
40845,paint
40847,paint
40835,paint
40836,paint
40837,paint
41008,paper
70211,paper
68127,paper
41030,paper
41032,paper
41033,paper
41034,paper
41025,paper
41035,paper
41037,paper
41026,paper
41027,paper
41028,paper
41029,paper
45252,pull
69439,pull
70378,pull
45265,pull
45267,pull
45268,pull
45269,pull
66351,pull
45261,pull
45271,pull
45273,pull
45262,pull
45263,pull
45264,pull
45432,purple
69440,purple
68137,purple
70247,purple
45438,purple
45439,purple
45440,purple
66355,purple
45443,purple
45433,purple
45434,purple
45435,purple
45436,purple
68142,right
48105,right
48124,right
48126,right
48106,right
48107,right
48108,right
48109,right
48114,right
48115,right
48117,right
48120,right
49173,same
49175,same
49176,same
49178,same
49181,same
49182,same
49183,same
49184,same
49185,same
49186,same
49188,same
49174,same
53258,son
70335,son
53273,son
53274,son
53275,son
53276,son
53277,son
66531,son
66532,son
53268,son
53279,son
53269,son
53270,son
53271,son
57273,tell
57278,tell
57282,tell
57283,tell
57284,tell
57285,tell
57276,tell
57286,tell
57287,tell
57288,tell
57289,tell
57291,tell
57277,tell
58359,thursday
70026,thursday
58362,thursday
58363,thursday
58365,thursday
58366,thursday
58367,thursday
58368,thursday
66637,thursday
66638,thursday
66639,thursday
66640,thursday
58370,thursday
58360,thursday
58361,thursday
61804,visit
61807,visit
61808,visit
61809,visit
61810,visit
61812,visit
61813,visit
66731,visit
61814,visit
61815,visit
61816,visit
61817,visit
61819,visit
61805,visit
61806,visit
62077,wait
62113,wait
62098,wait
62100,wait
62101,wait
62102,wait
62103,wait
62106,wait
66740,wait
62097,wait
62107,wait
62109,wait
62111,wait
62479,water
68179,water
70069,water
62505,water
62506,water
62507,water
62508,water
66752,water
62499,water
62510,water
62500,water
62501,water
62502,water
62503,water
63325,wife
70333,wife
63329,wife
63332,wife
63333,wife
63334,wife
66784,wife
66785,wife
63335,wife
63337,wife
63326,wife
63327,wife
63328,wife
64260,yellow
69545,yellow
68191,yellow
70240,yellow
64266,yellow
64268,yellow
64269,yellow
66819,yellow
64271,yellow
64261,yellow
64262,yellow
64263,yellow
64264,yellow
04614,backpack
04618,backpack
04619,backpack
04620,backpack
04624,backpack
65123,backpack
04616,backpack
04626,backpack
04627,backpack
04628,backpack
04629,backpack
04631,backpack
04617,backpack
65137,bar
05103,bar
05086,bar
05087,bar
05088,bar
05089,bar
05090,bar
05095,bar
05097,bar
05098,bar
05099,bar
05102,bar
07929,brother
69251,brother
07937,brother
07938,brother
07940,brother
07941,brother
65262,brother
07932,brother
07943,brother
07933,brother
07934,brother
07935,brother
07936,brother
09431,cat
69261,cat
09528,cat
09532,cat
09533,cat
09534,cat
65312,cat
65313,cat
09525,cat
09535,cat
09538,cat
09526,cat
65343,check
10184,check
10185,check
10186,check
10187,check
10188,check
10190,check
10192,check
10183,check
10193,check
10194,check
10195,check
10197,check
10199,check
10965,class
69270,class
68021,class
10974,class
10976,class
65364,class
10967,class
10968,class
10969,class
10970,class
10972,class
10973,class
14172,cry
14190,cry
14175,cry
14176,cry
14177,cry
14180,cry
14182,cry
14183,cry
65427,cry
14174,cry
14186,cry
14188,cry
16190,different
68034,different
16195,different
16198,different
16199,different
65480,different
16200,different
16201,different
16203,different
16191,different
16192,different
16193,different
16194,different
17317,door
70264,door
68038,door
17327,door
17330,door
17331,door
17332,door
65520,door
17324,door
17334,door
17336,door
17325,door
17326,door
25674,green
69353,green
70241,green
25692,green
25693,green
65854,green
25685,green
25695,green
25686,green
25687,green
25689,green
25690,green
26122,hair
68064,hair
26173,hair
26174,hair
26158,hair
26159,hair
26162,hair
26163,hair
65870,hair
26166,hair
26157,hair
26167,hair
26169,hair
26170,hair
26757,have
69360,have
68069,have
70221,have
26773,have
26775,have
26766,have
26777,have
26779,have
26767,have
26768,have
26832,headache
26835,headache
26836,headache
26837,headache
26839,headache
26840,headache
26841,headache
65881,headache
26842,headache
26843,headache
26844,headache
26846,headache
26833,headache
26834,headache
29628,inform
29648,inform
29649,inform
29655,inform
65940,inform
29646,inform
29656,inform
29657,inform
29659,inform
29661,inform
29647,inform
31841,knife
70320,knife
31843,knife
31844,knife
31848,knife
31849,knife
31850,knife
66000,knife
31856,knife
31842,knife
32373,laugh
32395,laugh
32398,laugh
32379,laugh
32380,laugh
32381,laugh
66016,laugh
32382,laugh
32383,laugh
32386,laugh
32377,laugh
32388,laugh
32389,laugh
32598,learn
68088,learn
70205,learn
32608,learn
32612,learn
32613,learn
66024,learn
32604,learn
32614,learn
32616,learn
32605,learn
32606,learn
32607,learn
37120,movie
68104,movie
37126,movie
37125,movie
37152,movie
37127,movie
37129,movie
37130,movie
45835,rabbit
45837,rabbit
45838,rabbit
45839,rabbit
45840,rabbit
45842,rabbit
45843,rabbit
45845,rabbit
45848,rabbit
45851,rabbit
45836,rabbit
46260,read
68138,read
70274,read
68139,read
46273,read
46266,read
46276,read
46267,read
46268,read
46269,read
46272,read
46712,red
69446,red
70239,red
46737,red
46738,red
46740,red
46731,red
46742,red
46732,red
46733,red
46734,red
48507,room
48509,room
48510,room
48511,room
48512,room
48513,room
48514,room
48516,room
66415,room
66416,room
48517,room
48518,room
48521,room
48797,run
48816,run
48798,run
48817,run
48818,run
48827,run
48800,run
48801,run
48809,run
48810,run
66473,show
70231,show
51347,show
51348,show
51353,show
51345,show
51355,show
51356,show
51357,show
51360,show
51346,show
51494,sick
69470,sick
68152,sick
51517,sick
51502,sick
51503,sick
51504,sick
51507,sick
66475,sick
51501,sick
51514,sick
51515,sick
52834,snow
69481,snow
70122,snow
52862,snow
52863,snow
52865,snow
66519,snow
66518,snow
52857,snow
52867,snow
52858,snow
52859,snow
52860,snow
56652,take
69500,take
56698,take
56699,take
56700,take
56701,take
56692,take
56702,take
56704,take
56705,take
56693,take
56694,take
57034,tea
68168,tea
70034,tea
57082,tea
57083,tea
57076,tea
57087,tea
57077,tea
57078,tea
57079,tea
57080,tea
57037,teacher
68166,teacher
57044,teacher
57045,teacher
57046,teacher
57047,teacher
57048,teacher
66593,teacher
57039,teacher
57051,teacher
57040,teacher
57041,teacher
57042,teacher
62728,week
70304,week
62746,week
62747,week
62748,week
62749,week
66759,week
62740,week
62750,week
62752,week
62741,week
62742,week
62743,week
63279,why
70213,why
63283,why
63284,why
63285,why
63287,why
63288,why
66781,why
63289,why
63292,why
63280,why
63281,why
63282,why
63574,with
69539,with
68186,with
63594,with
63596,with
66795,with
63587,with
63588,with
63589,with
63590,with
63592,with
63593,with
64049,write
69544,write
70261,write
64060,write
64061,write
64065,write
66815,write
64056,write
64066,write
64067,write
64068,write
64057,write
64058,write
64059,write
64303,yesterday
70347,yesterday
64307,yesterday
64308,yesterday
64309,yesterday
64311,yesterday
64312,yesterday
66821,yesterday
66822,yesterday
64313,yesterday
64315,yesterday
64304,yesterday
64305,yesterday
64306,yesterday
01457,again
70219,again
01466,again
01467,again
01468,again
01469,again
65032,again
01460,again
01471,again
01461,again
01462,again
01463,again
01464,again
04694,bad
69219,bad
04709,bad
04712,bad
04713,bad
04715,bad
04717,bad
65125,bad
04708,bad
04718,bad
04720,bad
04721,bad
04723,bad
04833,ball
69221,ball
04850,ball
04851,ball
04852,ball
04854,ball
04858,ball
65131,ball
04849,ball
04859,ball
04860,ball
04861,ball
04864,ball
05296,bathroom
05299,bathroom
05300,bathroom
05303,bathroom
05304,bathroom
05305,bathroom
65148,bathroom
05307,bathroom
05310,bathroom
05297,bathroom
05298,bathroom
06550,blanket
06553,blanket
06554,blanket
06555,blanket
06558,blanket
06559,blanket
65204,blanket
65205,blanket
06560,blanket
06563,blanket
06551,blanket
06552,blanket
08478,buy
69255,buy
08488,buy
08489,buy
08490,buy
65282,buy
08482,buy
08492,buy
08483,buy
08484,buy
08485,buy
08486,buy
65290,call
08706,call
08707,call
08713,call
08689,call
08690,call
08691,call
08692,call
08694,call
08701,call
08702,call
11552,coffee
70298,coffee
70033,coffee
68025,coffee
11566,coffee
65375,coffee
11558,coffee
11559,coffee
11560,coffee
11561,coffee
11563,coffee
11564,coffee
65377,cold
11638,cold
11622,cold
11623,cold
11624,cold
11625,cold
11627,cold
11628,cold
11621,cold
11633,cold
11634,cold
11635,cold
11704,college
68026,college
70206,college
11714,college
11715,college
11716,college
65379,college
11708,college
11718,college
11709,college
11710,college
11711,college
11713,college
13258,copy
13269,copy
13273,copy
13275,copy
65405,copy
13276,copy
13278,copy
13279,copy
13267,copy
13268,copy
14450,cute
14457,cute
14458,cute
14459,cute
65432,cute
14461,cute
14451,cute
14452,cute
14453,cute
14454,cute
14748,daughter
70334,daughter
14755,daughter
14756,daughter
14757,daughter
65443,daughter
14758,daughter
14760,daughter
14749,daughter
14750,daughter
14751,daughter
14752,daughter
14753,daughter
20064,example
20067,example
20068,example
20070,example
20071,example
20072,example
65652,example
65653,example
65654,example
20074,example
20075,example
20077,example
20066,example
21052,far
21073,far
21074,far
21075,far
21077,far
21078,far
65682,far
21069,far
21079,far
21081,far
21070,far
21071,far
21072,far
22071,first
70083,first
22086,first
22087,first
22094,first
65729,first
65730,first
65728,first
22085,first
22095,first
22096,first
22098,first
23567,friend
70342,friend
23574,friend
23575,friend
23576,friend
65782,friend
23578,friend
23568,friend
23569,friend
23570,friend
23572,friend
25037,good
69347,good
70259,good
25072,good
25073,good
25074,good
65835,good
25066,good
25076,good
25067,good
25068,good
25069,good
25070,good
26506,happy
70284,happy
26530,happy
26531,happy
26532,happy
26524,happy
26534,happy
26535,happy
26537,happy
26525,happy
26526,happy
26527,happy
27762,home
69366,home
70085,home
27772,home
27773,home
27765,home
27775,home
27766,home
27767,home
27768,home
27770,home
31896,know
31900,know
31901,know
31903,know
31904,know
31905,know
66002,know
31906,know
31907,know
31909,know
31897,know
31898,know
31899,know
32298,late
70297,late
32304,late
32306,late
32307,late
32308,late
66013,late
32300,late
32311,late
32312,late
32302,late
32303,late
32673,leave
32655,leave
32677,leave
66025,leave
32657,leave
32658,leave
32659,leave
32661,leave
32662,leave
32654,leave
32667,leave
32669,leave
33450,list
33475,list
33477,list
33479,list
33480,list
33481,list
66075,list
33472,list
33482,list
33484,list
33486,list
33473,list
33474,list
34002,lose
34004,lose
34005,lose
34006,lose
34007,lose
34008,lose
34012,lose
34013,lose
34014,lose
34015,lose
34017,lose
34018,lose
37575,name
69405,name
68106,name
37587,name
37588,name
37580,name
37590,name
37581,name
37582,name
37585,name
37586,name
39604,old
69419,old
39633,old
39624,old
39632,old
39635,old
39625,old
39626,old
39627,old
42196,person
68129,person
42227,person
42231,person
42232,person
42234,person
66280,person
42225,person
42236,person
42239,person
42226,person
43519,police
70198,police
43528,police
43529,police
66306,police
43522,police
43532,police
43533,police
43535,police
43523,police
43524,police
43525,police
44677,problem
44684,problem
44686,problem
44687,problem
44688,problem
44689,problem
66335,problem
44680,problem
44691,problem
44681,problem
44682,problem
44683,problem
47174,remember
68141,remember
70375,remember
47178,remember
47183,remember
66387,remember
47184,remember
47185,remember
47187,remember
47175,remember
47176,remember
47177,remember
50846,share
50855,share
50856,share
50857,share
66461,share
50849,share
50859,share
50860,share
50862,share
50850,share
50851,share
53290,soon
53295,soon
53296,soon
53300,soon
53301,soon
66533,soon
66534,soon
53292,soon
53302,soon
53304,soon
53305,soon
53293,soon
53294,soon
54548,stay
54561,stay
54562,stay
54563,stay
54554,stay
54564,stay
54565,stay
54567,stay
54555,stay
54556,stay
54557,stay
54558,stay
55768,sunday
70022,sunday
55773,sunday
55776,sunday
55777,sunday
55778,sunday
55779,sunday
55780,sunday
55782,sunday
55769,sunday
55770,sunday
55771,sunday
55772,sunday
57519,test
57530,test
57531,test
57534,test
57535,test
57536,test
57527,test
57541,test
57528,test
57529,test
58588,tired
68172,tired
58594,tired
58596,tired
58598,tired
58600,tired
58589,tired
58590,tired
58591,tired
58592,tired
58593,tired
59203,trade
59206,trade
59207,trade
59208,trade
59209,trade
59210,trade
59211,trade
59212,trade
59214,trade
59215,trade
59216,trade
59219,trade
59204,trade
59205,trade
59479,travel
68173,travel
59500,travel
59502,travel
59503,travel
59504,travel
66672,travel
59495,travel
59506,travel
59496,travel
59497,travel
59499,travel
63415,window
68184,window
70265,window
63424,window
63425,window
66791,window
63417,window
63427,window
63418,window
63419,window
63422,window
64351,you
69547,you
64385,you
64386,you
64387,you
64388,you
64379,you
64389,you
64391,you
64380,you
64381,you
64382,you
64383,you
00412,about
00416,about
00421,about
00422,about
00423,about
65002,about
65003,about
00414,about
00424,about
00426,about
00415,about
03117,approve
03122,approve
03124,approve
03125,approve
03126,approve
03127,approve
03128,approve
03131,approve
03118,approve
03119,approve
03120,approve
03121,approve
03434,arrive
70124,arrive
03441,arrive
03442,arrive
03443,arrive
65096,arrive
03445,arrive
03435,arrive
03436,arrive
03437,arrive
03438,arrive
03439,arrive
04790,balance
04801,balance
04802,balance
04803,balance
04804,balance
65129,balance
04795,balance
04806,balance
04796,balance
04797,balance
04798,balance
04799,balance
04895,banana
04900,banana
04903,banana
04904,banana
65135,banana
65134,banana
04906,banana
04896,banana
04897,banana
04898,banana
04899,banana
70254,beard
05470,beard
05471,beard
05472,beard
05473,beard
65156,beard
05476,beard
05477,beard
05479,beard
05467,beard
05468,beard
05595,because
05598,because
05599,because
05600,because
05601,because
65158,because
65159,because
05605,because
05606,because
05607,because
05609,because
05596,because
07436,boy
69245,boy
07459,boy
07460,boy
65245,boy
07452,boy
07462,boy
07453,boy
07454,boy
07455,boy
07458,boy
08363,business
08372,business
08373,business
08374,business
08375,business
08376,business
65275,business
08377,business
08379,business
08368,business
08369,business
08370,business
09178,careful
70200,careful
09185,careful
09186,careful
09187,careful
65307,careful
65306,careful
09188,careful
09179,careful
09180,careful
09181,careful
09182,careful
09719,center
09723,center
09725,center
09726,center
09727,center
09728,center
65324,center
09729,center
09730,center
09732,center
09721,center
09722,center
10099,chat
68020,chat
10104,chat
10105,chat
10106,chat
10107,chat
10109,chat
10111,chat
65338,chat
10102,chat
10112,chat
10464,children
10466,children
10467,children
10469,children
65352,children
10461,children
10474,children
10462,children
10696,christmas
10708,christmas
10709,christmas
10711,christmas
10712,christmas
65357,christmas
10703,christmas
10715,christmas
10704,christmas
10705,christmas
11197,clock
11198,clock
11199,clock
11200,clock
11203,clock
11204,clock
11205,clock
11214,clock
11252,close
11254,close
11260,close
11261,close
11262,close
11267,close
11268,close
11253,close
13133,convince
13135,convince
13136,convince
13137,convince
13138,convince
65400,convince
65401,convince
13143,convince
13144,convince
13146,convince
13148,convince
13134,convince
13542,country
13546,country
13549,country
13550,country
65414,country
13552,country
13554,country
13555,country
13543,country
13544,country
13545,country
69284,crash
13799,crash
70149,crash
13804,crash
13805,crash
13806,crash
13809,crash
13810,crash
13812,crash
13813,crash
13800,crash
13803,crash
14780,day
69291,day
14799,day
14800,day
65444,day
14792,day
14803,day
14793,day
14794,day
14795,day
14796,day
16581,discuss
16587,discuss
16591,discuss
16592,discuss
16593,discuss
65491,discuss
16594,discuss
16595,discuss
16596,discuss
16598,discuss
16585,discuss
16586,discuss
65535,dress
68040,dress
70250,dress
17660,dress
17661,dress
17654,dress
17665,dress
17655,dress
17656,dress
17657,dress
17659,dress
17751,drive
70262,drive
17761,drive
17762,drive
17766,drive
65542,drive
17758,drive
17768,drive
17770,drive
17773,drive
65544,drop
17827,drop
17828,drop
17829,drop
17820,drop
17830,drop
17832,drop
17821,drop
17822,drop
17823,drop
17824,drop
65692,fat
21248,fat
21252,fat
21233,fat
21234,fat
21236,fat
21231,fat
21237,fat
21241,fat
21242,fat
21243,fat
21246,fat
21425,feel
69319,feel
21438,feel
21439,feel
21440,feel
65696,feel
21432,feel
21442,feel
21433,feel
21434,feel
21436,feel
22798,football
69331,football
70129,football
22818,football
22803,football
22804,football
22805,football
22806,football
22810,football
65755,football
22802,football
22814,football
23945,future
23951,future
23952,future
23953,future
23954,future
65798,future
65797,future
23956,future
23946,future
23947,future
23948,future
24023,game
68056,game
24033,game
65800,game
24025,game
24026,game
24027,game
24029,game
24030,game
24031,game
24590,girl
69342,girl
24612,girl
24614,girl
65817,girl
24605,girl
24606,girl
24607,girl
24608,girl
24609,girl
24611,girl
25240,government
25244,government
25245,government
25246,government
25247,government
65840,government
25250,government
25251,government
25252,government
25253,government
25241,government
25242,government
25243,government
26938,hear
26946,hear
26950,hear
26951,hear
26942,hear
26952,hear
26953,hear
26956,hear
26943,hear
26944,hear
26945,hear
27254,here
69365,here
68072,here
27268,here
27269,here
27271,here
65892,here
27263,here
27273,here
27264,here
27265,here
27917,hope
27922,hope
27923,hope
27925,hope
27926,hope
27929,hope
65905,hope
27920,hope
27931,hope
27932,hope
27934,hope
27921,hope
28157,house
69369,house
70373,house
28166,house
28159,house
28169,house
28160,house
28161,house
28162,house
28164,house
28165,house
28461,husband
28469,husband
28470,husband
28471,husband
65913,husband
28463,husband
28473,husband
28464,husband
28465,husband
28466,husband
65950,interest
30153,interest
30154,interest
30155,interest
30156,interest
30160,interest
30152,interest
30162,interest
30163,interest
30164,interest
30166,interest
30168,interest
31147,join
31151,join
31152,join
31155,join
31157,join
31158,join
65981,join
31149,join
31159,join
31161,join
31165,join
66069,light
68090,light
33224,light
33206,light
33229,light
33231,light
33205,light
33214,light
33217,light
33218,light
33220,light
33221,light
33537,live
70019,live
33543,live
33545,live
66078,live
66079,live
33538,live
33539,live
33542,live
34558,make
70082,make
34581,make
34583,make
34584,make
34575,make
34586,make
34577,make
34578,make
34579,make
34580,make
70217,mean
35305,mean
35289,mean
35291,mean
35292,mean
35293,mean
35295,mean
35298,mean
35299,mean
36826,more
69401,more
70222,more
36830,more
36834,more
36836,more
36837,more
36838,more
36840,more
36827,more
36828,more
36829,more
36912,most
68102,most
70052,most
36920,most
66145,most
36922,most
36913,most
36914,most
36915,most
36916,most
36918,most
36919,most
37356,music
68105,music
37370,music
37371,music
66156,music
37363,music
37373,music
37364,music
37365,music
37367,music
37369,music
38103,new
69407,new
38130,new
38131,new
38122,new
38133,new
38123,new
38124,new
38125,new
38126,new
38127,new
38585,none
69412,none
68111,none
38594,none
66186,none
38586,none
38587,none
38588,none
38590,none
38592,none
39454,office
39460,office
39462,office
39463,office
39465,office
66224,office
39456,office
39468,office
39457,office
39458,office
39459,office
66248,order
70172,order
40183,order
40184,order
40171,order
40172,order
40177,order
40178,order
66249,order
40169,order
40179,order
66261,pants
68126,pants
40991,pants
40992,pants
40993,pants
40985,pants
40996,pants
40986,pants
40987,pants
40988,pants
41306,party
41315,party
41316,party
41317,party
66265,party
66266,party
41311,party
41321,party
41322,party
41323,party
41325,party
41312,party
70151,past
41452,past
41453,past
41454,past
41455,past
41446,past
41456,past
41457,past
41447,past
41448,past
41449,past
41450,past
41819,pencil
70210,pencil
70267,pencil
41828,pencil
41829,pencil
41822,pencil
41833,pencil
41823,pencil
41824,pencil
41826,pencil
43037,plan
70177,plan
43062,plan
43063,plan
43064,plan
43065,plan
66298,plan
43056,plan
43067,plan
43057,plan
43058,plan
43061,plan
43213,please
69434,please
70220,please
43226,please
43217,please
43218,please
43219,please
43220,please
43222,please
43224,please
44080,practice
44087,practice
44088,practice
44089,practice
66320,practice
44091,practice
44081,practice
44082,practice
44083,practice
44085,practice
44086,practice
44364,president
44373,president
44374,president
44375,president
44376,president
66326,president
44367,president
44378,president
44368,president
44369,president
44370,president
44371,president
47655,restaurant
70170,restaurant
47661,restaurant
47663,restaurant
47664,restaurant
66398,restaurant
47666,restaurant
47656,restaurant
47657,restaurant
47658,restaurant
47659,restaurant
48038,ride
48050,ride
48051,ride
66405,ride
48042,ride
48052,ride
48054,ride
48055,ride
48043,ride
48044,ride
48898,russia
48901,russia
48902,russia
48903,russia
48904,russia
48907,russia
48908,russia
48909,russia
48910,russia
48911,russia
48913,russia
48899,russia
49127,salt
69451,salt
49134,salt
49136,salt
49137,salt
49138,salt
66422,salt
49129,salt
49140,salt
49130,salt
49131,salt
49132,salt
49244,sandwich
49250,sandwich
49251,sandwich
49252,sandwich
49253,sandwich
66423,sandwich
66424,sandwich
49255,sandwich
49245,sandwich
49246,sandwich
49247,sandwich
49248,sandwich
66478,sign
51621,sign
70209,sign
68154,sign
51616,sign
51617,sign
51628,sign
51614,sign
51633,sign
51637,sign
51615,sign
51622,sign
51772,since
69472,since
70351,since
51779,since
51781,since
66482,since
66483,since
51773,since
51774,since
51775,since
51778,since
52550,small
52552,small
52554,small
52555,small
52556,small
52557,small
52560,small
52562,small
52564,small
52566,small
52551,small
53190,some
69484,some
68159,some
53216,some
53207,some
53208,some
53209,some
53210,some
53212,some
53213,some
53453,south
70188,south
53488,south
53489,south
53490,south
53491,south
53482,south
53493,south
53483,south
53484,south
53485,south
53486,south
55332,student
69494,student
55343,student
55344,student
55345,student
55346,student
55337,student
55348,student
55338,student
55339,student
55340,student
55341,student
57035,teach
70204,teach
68167,teach
57065,teach
57066,teach
57058,teach
57068,teach
57059,teach
57060,teach
57061,teach
57063,teach
57064,teach
57781,theory
57785,theory
57788,theory
57789,theory
66603,theory
66604,theory
57791,theory
57792,theory
57794,theory
57782,theory
57783,theory
57784,theory
58782,tomato
58791,tomato
58792,tomato
58793,tomato
66654,tomato
58784,tomato
58795,tomato
58785,tomato
58786,tomato
58787,tomato
58788,tomato
59298,train
59310,train
59314,train
59316,train
66665,train
59307,train
59317,train
59319,train
59320,train
59308,train
59309,train
60345,ugly
70256,ugly
60352,ugly
60353,ugly
60354,ugly
60355,ugly
60357,ugly
60346,ugly
60347,ugly
60348,ugly
60349,ugly
60350,ugly
62267,war
62279,war
62280,war
62281,war
62282,war
66746,war
62273,war
62284,war
62274,war
62275,war
62276,war
63079,where
68181,where
63087,where
63088,where
63089,where
66774,where
63081,where
63091,where
63082,where
63083,where
63084,where
64423,your
64433,your
64434,your
64435,your
64436,your
64427,your
64437,your
64438,your
64439,your
64428,your
64429,your
64430,your
02227,always
70037,always
02234,always
02235,always
02236,always
65061,always
02238,always
02228,always
02229,always
02230,always
02231,always
02233,always
02581,animal
69211,animal
02590,animal
02592,animal
65073,animal
02583,animal
02584,animal
02585,animal
02586,animal
02587,animal
02589,animal
03266,argue
03268,argue
03270,argue
03272,argue
03273,argue
03274,argue
65092,argue
03277,argue
03278,argue
03280,argue
03282,argue
03267,argue
04484,baby
69217,baby
04512,baby
04514,baby
65119,baby
04505,baby
04506,baby
04507,baby
04508,baby
04509,baby
04511,baby
69218,back
65120,back
70164,back
04600,back
04601,back
04592,back
04602,back
04604,back
04593,back
04764,bake
70031,bake
04773,bake
04775,bake
65127,bake
65128,bake
04768,bake
04769,bake
04770,bake
04772,bake
05270,bath
05281,bath
05282,bath
05283,bath
65147,bath
05275,bath
05285,bath
05276,bath
05277,bath
05278,bath
05280,bath
05800,behind
05808,behind
05809,behind
05810,behind
65169,behind
05803,behind
05813,behind
05814,behind
05816,behind
05804,behind
07803,bring
69250,bring
07815,bring
65260,bring
07806,bring
07807,bring
07808,bring
07810,bring
07811,bring
07812,bring
07813,bring
69262,catch
09459,catch
09458,catch
65314,catch
09457,catch
09461,catch
09467,catch
09468,catch
09470,catch
09473,catch
09773,cereal
69264,cereal
09777,cereal
09781,cereal
09782,cereal
65325,cereal
09783,cereal
09786,cereal
09774,cereal
09775,cereal
09776,cereal
09914,champion
09920,champion
09921,champion
09922,champion
65330,champion
09924,champion
09926,champion
09915,champion
09916,champion
09917,champion
09918,champion
09919,champion
10260,cheese
70064,cheese
10273,cheese
10275,cheese
65345,cheese
10266,cheese
10267,cheese
10268,cheese
10269,cheese
10271,cheese
10272,cheese
13467,cough
13473,cough
13474,cough
13475,cough
13476,cough
65411,cough
13478,cough
13468,cough
13469,cough
13470,cough
13850,crazy
70363,crazy
13861,crazy
13862,crazy
13863,crazy
65421,crazy
65422,crazy
13854,crazy
13855,crazy
13858,crazy
13859,crazy
15317,delay
15325,delay
15326,delay
15327,delay
15328,delay
15319,delay
15330,delay
15332,delay
15320,delay
15321,delay
15322,delay
15323,delay
15363,delicious
15364,delicious
15365,delicious
15366,delicious
15369,delicious
65457,delicious
15370,delicious
15372,delicious
15374,delicious
15361,delicious
15362,delicious
16437,disappear
70153,disappear
16441,disappear
16443,disappear
16444,disappear
16447,disappear
16448,disappear
16450,disappear
16438,disappear
16439,disappear
16440,disappear
16961,divorce
70341,divorce
16966,divorce
16968,divorce
16972,divorce
16963,divorce
16973,divorce
16976,divorce
16965,divorce
65531,draw
68039,draw
17600,draw
17601,draw
17602,draw
17594,draw
17604,draw
17607,draw
17595,draw
17596,draw
18270,east
18294,east
18295,east
18296,east
65597,east
18288,east
18298,east
18289,east
18290,east
18291,east
18292,east
18301,easy
70079,easy
68043,easy
18315,easy
65600,easy
18306,easy
18307,easy
18308,easy
18311,easy
18312,easy
18485,egg
70065,egg
18494,egg
65607,egg
18495,egg
18496,egg
18498,egg
18486,egg
18487,egg
18488,egg
19402,environment
19410,environment
19411,environment
19412,environment
19414,environment
65638,environment
65639,environment
19406,environment
19418,environment
19407,environment
19408,environment
19409,environment
21202,father
69318,father
21221,father
21205,father
21207,father
21209,father
21212,father
21204,father
21217,father
21218,father
21219,father
21272,fault
21275,fault
21276,fault
21280,fault
21281,fault
21282,fault
21283,fault
21284,fault
21286,fault
21273,fault
21274,fault
22537,flower
22554,flower
22555,flower
65746,flower
22548,flower
22558,flower
22549,flower
22550,flower
22551,flower
22553,flower
23579,friendly
70257,friendly
23588,friendly
65783,friendly
23589,friendly
23580,friendly
23581,friendly
23582,friendly
23583,friendly
23585,friendly
24718,glasses
24724,glasses
24725,glasses
24726,glasses
24728,glasses
24729,glasses
65822,glasses
24720,glasses
24732,glasses
24721,glasses
24722,glasses
26250,halloween
26255,halloween
26259,halloween
65873,halloween
65874,halloween
26260,halloween
26262,halloween
26251,halloween
26252,halloween
26253,halloween
26254,halloween
26559,hard
69358,hard
68065,hard
26573,hard
26574,hard
26576,hard
26568,hard
26569,hard
26570,hard
27013,heart
27044,heart
27046,heart
27050,heart
27051,heart
27042,heart
27053,heart
27056,heart
27057,heart
27043,heart
28134,hour
70303,hour
28140,hour
28143,hour
28144,hour
28145,hour
28146,hour
28148,hour
28150,hour
28138,hour
28139,hour
28306,humble
28311,humble
28312,humble
28314,humble
28315,humble
28316,humble
28317,humble
28319,humble
28308,humble
28309,humble
28310,humble
28423,hurry
28424,hurry
70236,hurry
28425,hurry
28426,hurry
28436,hurry
28429,hurry
28430,hurry
28432,hurry
29134,improve
29143,improve
29144,improve
29145,improve
65929,improve
29136,improve
29147,improve
29137,improve
29138,improve
29139,improve
30227,internet
30235,internet
30239,internet
30230,internet
30240,internet
30241,internet
30242,internet
30231,internet
30232,internet
30233,internet
30234,internet
69380,jump
65983,jump
68080,jump
31324,jump
31315,jump
31316,jump
31320,jump
31322,jump
31641,kill
31655,kill
31656,kill
31657,kill
31658,kill
65992,kill
31649,kill
31660,kill
31650,kill
31651,kill
31652,kill
66017,law
70158,law
32454,law
32455,law
32456,law
32447,law
32458,law
32448,law
32449,law
32450,law
32452,law
32453,law
66106,match
35119,match
35120,match
35121,match
35122,match
35123,match
35126,match
35114,match
35115,match
35116,match
35353,meat
70066,meat
35367,meat
35369,meat
66109,meat
35360,meat
35361,meat
35362,meat
35363,meat
35364,meat
35366,meat
36044,milk
68100,milk
36050,milk
36052,milk
36053,milk
36054,milk
36056,milk
36046,milk
36047,milk
36048,milk
36645,money
70075,money
36651,money
36652,money
36654,money
36657,money
66138,money
36648,money
36658,money
36660,money
36732,month
70305,month
36741,month
66141,month
36733,month
36734,month
36735,month
36736,month
36738,month
36739,month
36774,moon
36783,moon
36787,moon
66142,moon
36779,moon
36791,moon
36780,moon
36781,moon
36782,moon
66151,move
37102,move
37086,move
37087,move
37089,move
37093,move
37094,move
37085,move
37097,move
37098,move
37100,move
37773,near
70180,near
37790,near
37784,near
37794,near
37796,near
37785,near
37786,near
37787,near
37788,near
37789,near
37983,nephew
70337,nephew
37991,nephew
37993,nephew
37984,nephew
37985,nephew
37986,nephew
37987,nephew
37989,nephew
37990,nephew
38281,nice
70021,nice
70050,nice
38288,nice
38293,nice
38282,nice
38283,nice
38284,nice
38285,nice
38287,nice
38314,niece
70338,niece
38322,niece
66171,niece
38324,niece
38315,niece
38316,niece
38317,niece
38318,niece
38320,niece
38321,niece
38614,noon
70280,noon
38628,noon
38629,noon
38630,noon
38621,noon
38632,noon
38622,noon
38623,noon
38624,noon
38626,noon
38654,north
70187,north
38688,north
38689,north
38681,north
38691,north
38682,north
38683,north
38684,north
38685,north
38687,north
38765,not
38864,not
38865,not
38866,not
38857,not
38868,not
38858,not
38859,not
38860,not
38861,not
38863,not
39087,nurse
39093,nurse
39094,nurse
39099,nurse
39088,nurse
39089,nurse
39090,nurse
39091,nurse
39402,off
69418,off
39449,off
39450,off
39442,off
39452,off
39453,off
39443,off
39444,off
39447,off
39448,off
39582,ok
39589,ok
68118,ok
39594,ok
39595,ok
39596,ok
39583,ok
39584,ok
39585,ok
39592,ok
39586,ok
39593,ok
66270,patient
41509,patient
41506,patient
41511,patient
41512,patient
41513,patient
41516,patient
41507,patient
41508,patient
41578,pay
41608,pay
41592,pay
41595,pay
41596,pay
41598,pay
66271,pay
41601,pay
41602,pay
41604,pay
41606,pay
42242,perspective
42246,perspective
42247,perspective
42248,perspective
42251,perspective
66281,perspective
42252,perspective
42253,perspective
42254,perspective
42256,perspective
42243,perspective
42245,perspective
43922,potato
70061,potato
43936,potato
43938,potato
66318,potato
43929,potato
43930,potato
43931,potato
43932,potato
43933,potato
43935,potato
48965,sad
69450,sad
48976,sad
48978,sad
48971,sad
48981,sad
48983,sad
48972,sad
48973,sad
48974,sad
49327,saturday
49334,saturday
49335,saturday
49336,saturday
66428,saturday
49338,saturday
49328,saturday
49329,saturday
49330,saturday
49367,save
49378,save
49379,save
49380,save
49371,save
49381,save
49383,save
49384,save
49372,save
49374,save
49652,scissors
49658,scissors
49659,scissors
49660,scissors
66433,scissors
49663,scissors
49653,scissors
49654,scissors
49655,scissors
49656,scissors
50035,secret
50058,secret
50059,secret
50061,secret
50062,secret
66440,secret
50053,secret
50064,secret
50066,secret
50054,secret
50055,secret
51128,shoes
68150,shoes
70315,shoes
51137,shoes
51140,shoes
51129,shoes
51130,shoes
51131,shoes
51133,shoes
66468,shop
68151,shop
51185,shop
51177,shop
51178,shop
51180,shop
51181,shop
51702,silly
51708,silly
51709,silly
51710,silly
66481,silly
51712,silly
51713,silly
51703,silly
51704,silly
51705,silly
51706,silly
51882,sister
51886,sister
51887,sister
51889,sister
66488,sister
51892,sister
51893,sister
51883,sister
51884,sister
51885,sister
52314,sleep
69479,sleep
68157,sleep
52324,sleep
52316,sleep
52317,sleep
52318,sleep
52320,sleep
52322,sleep
53363,sorry
70225,sorry
53371,sorry
53372,sorry
53373,sorry
66536,sorry
53365,sorry
53375,sorry
53366,sorry
53367,sorry
53370,sorry
55035,straight
55048,straight
55050,straight
55051,straight
55052,straight
66563,straight
55043,straight
55055,straight
55056,straight
55044,straight
55045,straight
69499,sweet
56312,sweet
56313,sweet
56314,sweet
56315,sweet
66585,sweet
56306,sweet
56317,sweet
56307,sweet
56308,sweet
56309,sweet
56800,talk
68165,talk
56830,talk
56813,talk
56816,talk
56811,talk
56819,talk
56820,talk
56821,talk
56827,talk
57298,temperature
57306,temperature
57307,temperature
57308,temperature
57309,temperature
57300,temperature
57310,temperature
57313,temperature
57301,temperature
57302,temperature
57303,temperature
57304,temperature
57430,tent
69501,tent
57443,tent
57444,tent
57445,tent
57436,tent
57447,tent
57437,tent
57438,tent
57439,tent
57441,tent
57442,tent
57653,thank you
69502,thank you
57663,thank you
66598,thank you
57655,thank you
57667,thank you
57656,thank you
57657,thank you
57659,thank you
57954,think
69505,think
57980,think
57982,think
66609,think
57973,think
57974,think
57975,think
57977,think
57978,think
57979,think
58286,throw
58300,throw
58301,throw
66636,throw
58293,throw
58303,throw
58294,throw
58295,throw
58296,throw
58676,today
69512,today
70346,today
58684,today
58685,today
58687,today
58677,today
58678,today
58679,today
58681,today
58682,today
58683,today
59238,traffic
70179,traffic
59248,traffic
59249,traffic
59251,traffic
59252,traffic
59254,traffic
66664,traffic
59246,traffic
59256,traffic
59258,traffic
60543,understand
60553,understand
70215,understand
60551,understand
66704,understand
60545,understand
60546,understand
60554,understand
60547,understand
60548,understand
60556,understand
61031,use
61062,use
61063,use
61065,use
61056,use
61066,use
61067,use
61068,use
61070,use
61057,use
61058,use
61913,voice
61920,voice
61921,voice
61922,voice
66736,voice
61924,voice
61914,voice
61915,voice
61916,voice
61917,voice
61918,voice
61977,vomit
61982,vomit
61983,vomit
61984,vomit
61986,vomit
61987,vomit
61988,vomit
61990,vomit
61978,vomit
61979,vomit
61980,vomit
61991,vote
61997,vote
62000,vote
62001,vote
62003,vote
61992,vote
61993,vote
61994,vote
61995,vote
61996,vote
62706,wednesday
62712,wednesday
62713,wednesday
62714,wednesday
62715,wednesday
66758,wednesday
62717,wednesday
62707,wednesday
62708,wednesday
62709,wednesday
62710,wednesday
62901,west
70186,west
62913,west
62915,west
66765,west
62906,west
62907,west
62908,west
62909,west
62910,west
62912,west
62921,wet
69529,wet
62928,wet
62930,wet
66767,wet
66766,wet
62922,wet
62923,wet
62924,wet
62925,wet
62927,wet
63062,when
69532,when
63072,when
63075,when
66773,when
63066,when
63077,when
63067,when
63069,when
63070,when
63102,which
63111,which
63113,which
66775,which
63104,which
63105,which
63106,which
63108,which
63109,which
66789,win
68185,win
63475,win
63476,win
63468,win
63478,win
63469,win
63470,win
63471,win
63473,win
63474,win
63750,word
63760,word
63761,word
66803,word
63752,word
63763,word
63753,word
63754,word
63755,word
63756,word
01429,afternoon
70279,afternoon
01442,afternoon
65031,afternoon
01433,afternoon
01434,afternoon
01435,afternoon
01436,afternoon
01438,afternoon
01440,afternoon
01482,age
01491,age
01493,age
65034,age
01485,age
01495,age
01486,age
01487,age
01489,age
01490,age
02102,alone
02109,alone
02110,alone
65057,alone
02112,alone
02103,alone
02104,alone
02105,alone
02106,alone
02108,alone
03053,appointment
70155,appointment
03062,appointment
03063,appointment
65087,appointment
03055,appointment
03056,appointment
03057,appointment
03058,appointment
03059,appointment
03060,appointment
03061,appointment
04183,australia
04186,australia
04187,australia
04188,australia
04189,australia
04190,australia
65111,australia
04193,australia
04195,australia
04198,australia
04184,australia
04341,avoid
04350,avoid
04352,avoid
65114,avoid
04343,avoid
04344,avoid
04345,avoid
04347,avoid
04348,avoid
04349,avoid
04866,balloon
04873,balloon
04875,balloon
65132,balloon
65133,balloon
04867,balloon
04868,balloon
04869,balloon
04870,balloon
04872,balloon
05193,basement
70041,basement
05200,basement
05201,basement
65142,basement
05204,basement
05194,basement
05195,basement
05196,basement
05198,basement
69226,bear
65155,bear
05486,bear
05487,bear
05489,bear
05484,bear
05494,bear
05495,bear
05498,bear
05852,believe
05859,believe
05860,believe
65171,believe
65170,believe
05853,believe
05854,believe
05855,believe
05856,believe
05858,believe
06062,better
70328,better
06075,better
65179,better
06066,better
06067,better
06069,better
06070,better
06071,better
06072,better
06073,better
06643,blind
06656,blind
06658,blind
65209,blind
06649,blind
06650,blind
06651,blind
06652,blind
06654,blind
06655,blind
65229,bored
07196,bored
07197,bored
07198,bored
07200,bored
07191,bored
07203,bored
07192,bored
07369,bowl
70318,bowl
65240,bowl
07371,bowl
07382,bowl
07372,bowl
07373,bowl
07375,bowl
07413,box
69244,box
70238,box
07424,box
65244,box
07417,box
07418,box
07420,box
07421,box
07422,box
07423,box
07469,bracelet
65247,bracelet
07479,bracelet
07470,bracelet
07471,bracelet
07472,bracelet
07473,bracelet
07475,bracelet
07593,bread
70063,bread
07604,bread
07595,bread
07596,bread
07597,bread
07598,bread
07600,bread
07601,bread
07602,bread
08586,cafeteria
70228,cafeteria
08595,cafeteria
65284,cafeteria
08587,cafeteria
08588,cafeteria
08589,cafeteria
08590,cafeteria
08592,cafeteria
08593,cafeteria
69258,car
09234,car
70268,car
09237,car
09238,car
09244,car
09245,car
09246,car
09249,car
09235,car
10395,chicken
70060,chicken
10400,chicken
10405,chicken
10406,chicken
65349,chicken
10397,chicken
10408,chicken
10412,chicken
10435,child
10450,child
10451,child
65351,child
10443,child
10453,child
10444,child
10445,child
10446,child
10447,child
10449,child
10624,choose
10631,choose
10632,choose
10634,choose
10635,choose
10636,choose
10637,choose
10639,choose
10641,choose
10625,choose
10768,church
10777,church
10769,church
10770,church
10771,church
10772,church
10774,church
10775,church
13169,cookie
69280,cookie
13179,cookie
13180,cookie
13172,cookie
13182,cookie
13173,cookie
13174,cookie
13175,cookie
13177,cookie
14276,cup
14294,cup
14295,cup
14287,cup
14298,cup
14288,cup
14289,cup
14291,cup
14292,cup
14466,cut
14485,cut
14467,cut
14477,cut
14478,cut
14479,cut
14481,cut
14482,cut
15092,decorate
15099,decorate
15100,decorate
15101,decorate
65451,decorate
15103,decorate
15093,decorate
15094,decorate
15095,decorate
15096,decorate
15153,deep
15164,deep
15166,deep
65453,deep
15157,deep
15158,deep
15159,deep
15160,deep
15162,deep
15163,deep
15169,deer
69292,deer
15180,deer
15171,deer
15172,deer
15173,deer
15176,deer
15177,deer
15527,dentist
15534,dentist
15535,dentist
65460,dentist
15537,dentist
15528,dentist
15529,dentist
15530,dentist
15531,dentist
15533,dentist
16402,dirty
69296,dirty
16411,dirty
16412,dirty
65485,dirty
16404,dirty
16405,dirty
16406,dirty
16407,dirty
16409,dirty
16410,dirty
16889,dive
16897,dive
65495,dive
16899,dive
16890,dive
16891,dive
16892,dive
16893,dive
16894,dive
16895,dive
17422,down
69301,down
70045,down
17436,down
65526,down
17428,down
17429,down
17430,down
17431,down
17433,down
17434,down
17919,dry
69304,dry
17939,dry
65549,dry
17930,dry
17931,dry
17932,dry
17933,dry
17935,dry
17936,dry
17937,dry
18145,ear
69306,ear
18161,ear
65591,ear
65590,ear
18154,ear
18155,ear
18156,ear
18158,ear
18159,ear
18190,earn
18202,earn
18204,earn
65594,earn
18195,earn
18196,earn
18197,earn
18199,earn
18200,earn
18201,earn
18218,earring
18225,earring
18226,earring
65595,earring
18228,earring
18219,earring
18220,earring
18221,earring
18769,elephant
65620,elephant
18779,elephant
18770,elephant
18771,elephant
18772,elephant
18773,elephant
18775,elephant
19230,english
68045,english
19239,english
65634,english
19232,english
19233,english
19236,english
19237,english
19556,escape
19563,escape
19564,escape
19565,escape
65644,escape
19567,escape
19557,escape
19558,escape
19559,escape
19560,escape
19561,escape
20362,expensive
20369,expensive
20370,expensive
20371,expensive
20372,expensive
20373,expensive
20363,expensive
20364,expensive
20365,expensive
20366,expensive
20367,expensive
20434,explain
70218,explain
20442,explain
20443,explain
20445,explain
20435,explain
20436,explain
20437,explain
20438,explain
20440,explain
20441,explain
65689,fast
21184,fast
21168,fast
21187,fast
21169,fast
21172,fast
65690,fast
21175,fast
65691,fast
21182,fast
21689,fight
21710,fight
21695,fight
21697,fight
65711,fight
21694,fight
21704,fight
21706,fight
21707,fight
21708,fight
69323,find
70134,find
21858,find
21859,find
21860,find
21863,find
21852,find
21853,find
21854,find
21855,find
22131,fishing
22138,fishing
22139,fishing
65732,fishing
22141,fishing
22132,fishing
22133,fishing
22134,fishing
22135,fishing
22137,fishing
22491,floor
70043,floor
22499,floor
22500,floor
22502,floor
22492,floor
22493,floor
22494,floor
22495,floor
65748,fly
22643,fly
22645,fly
22646,fly
22627,fly
22635,fly
22636,fly
22640,fly
22712,follow
70203,follow
22723,follow
65752,follow
65751,follow
22715,follow
22716,follow
22717,follow
22718,follow
22720,follow
22721,follow
23637,from
69337,from
70020,from
23645,from
65785,from
23638,from
23639,from
23640,from
23642,from
23643,from
24405,get
69341,get
70055,get
24445,get
24447,get
65808,get
24438,get
24439,get
24440,get
24443,get
24444,get
26491,happen
70133,happen
26503,happen
26494,happen
26495,happen
26496,happen
26497,happen
26499,happen
26500,happen
26501,happen
27171,hello
70017,hello
27180,hello
27181,hello
27184,hello
27172,hello
27173,hello
27177,hello
27580,hit
27596,hit
27597,hit
27599,hit
27600,hit
27591,hit
27604,hit
27592,hit
27593,hit
27595,hit
70150,hospital
28041,hospital
28042,hospital
28033,hospital
28044,hospital
28034,hospital
28035,hospital
28036,hospital
28038,hospital
28647,idea
28655,idea
28656,idea
65918,idea
28658,idea
28648,idea
28649,idea
28650,idea
28651,idea
28652,idea
29064,important
69376,important
29068,important
65926,important
29065,important
29069,important
29066,important
29071,important
29072,important
29074,important
30467,investigate
30474,investigate
30475,investigate
30476,investigate
65960,investigate
30477,investigate
30468,investigate
30469,investigate
30470,investigate
30471,investigate
30472,investigate
30927,japan
30937,japan
30941,japan
30942,japan
30933,japan
30946,japan
30934,japan
30935,japan
30936,japan
30973,jealous
30978,jealous
30979,jealous
30983,jealous
30984,jealous
30985,jealous
30986,jealous
30988,jealous
30974,jealous
30975,jealous
31723,king
31736,king
31738,king
65994,king
31730,king
31740,king
31731,king
31732,king
31733,king
31735,king
31775,kitchen
31776,kitchen
31778,kitchen
31780,kitchen
65997,kitchen
31785,kitchen
31773,kitchen
31774,kitchen
32200,large
32210,large
32211,large
32212,large
32203,large
32214,large
32204,large
32205,large
32206,large
32207,large
32209,large
32281,last year
32287,last year
32288,last year
32289,last year
32290,last year
66012,last year
32291,last year
32293,last year
32282,last year
32283,last year
32284,last year
32285,last year
32806,lemon
32818,lemon
32820,lemon
66030,lemon
66031,lemon
66032,lemon
66033,lemon
32812,lemon
32813,lemon
32814,lemon
32962,lettuce
32969,lettuce
32970,lettuce
66065,lettuce
32972,lettuce
32963,lettuce
32964,lettuce
32965,lettuce
32966,lettuce
32968,lettuce
34955,marry
34963,marry
66104,marry
34965,marry
34956,marry
34957,marry
34958,marry
34959,marry
34961,marry
34962,marry
35524,meeting
35532,meeting
35534,meeting
35525,meeting
35526,meeting
35527,meeting
35528,meeting
35530,meeting
35531,meeting
66128,minute
70302,minute
36249,minute
36251,minute
66127,minute
36242,minute
36243,minute
36244,minute
36245,minute
36248,minute
36259,mirror
36266,mirror
36267,mirror
66129,mirror
36269,mirror
36260,mirror
36261,mirror
36262,mirror
36263,mirror
36264,mirror
66131,miss
70113,miss
36337,miss
36342,miss
36343,miss
36344,miss
36335,miss
36350,miss
36351,miss
36336,miss
36677,monkey
36685,monkey
66140,monkey
36687,monkey
36678,monkey
36679,monkey
36680,monkey
36681,monkey
36683,monkey
36856,morning
70278,morning
36864,morning
36866,morning
36857,morning
36858,morning
36859,morning
36860,morning
36863,morning
36991,motorcycle
36999,motorcycle
37001,motorcycle
36992,motorcycle
36993,motorcycle
36994,motorcycle
36995,motorcycle
36996,motorcycle
36998,motorcycle
37849,necklace
37851,necklace
37852,necklace
37853,necklace
37854,necklace
37855,necklace
66162,necklace
37859,necklace
37864,necklace
37850,necklace
38081,never
70038,never
38092,never
66166,never
38084,never
38085,never
38086,never
38087,never
38089,never
38090,never
38176,newspaper
70324,newspaper
38186,newspaper
38178,newspaper
38179,newspaper
38181,newspaper
38182,newspaper
38183,newspaper
38184,newspaper
38329,night
70277,night
38343,night
38345,night
38336,night
38337,night
38338,night
38341,night
38342,night
39846,onion
39853,onion
39854,onion
39855,onion
39857,onion
39847,onion
39848,onion
39849,onion
39850,onion
39851,onion
41920,people
69426,people
70144,people
41931,people
41922,people
41923,people
41924,people
41927,people
41929,people
41937,pepper
70068,pepper
41942,pepper
41943,pepper
41945,pepper
41947,pepper
41938,pepper
41939,pepper
41940,pepper
41941,pepper
42419,phone
68130,phone
42423,phone
42434,phone
42424,phone
42425,phone
42428,phone
42429,phone
42649,picture
68131,picture
42660,picture
42651,picture
42652,picture
42653,picture
42654,picture
42656,picture
42657,picture
42658,picture
43335,plus
68134,plus
43346,plus
43347,plus
66303,plus
43339,plus
43349,plus
43340,plus
43341,plus
43342,plus
43345,plus
66304,point
43461,point
43462,point
43444,point
43445,point
43446,point
43447,point
43443,point
43452,point
43678,poor
43685,poor
43686,poor
43687,poor
43689,poor
43679,poor
43680,poor
43681,poor
43682,poor
43684,poor
43828,possible
43834,possible
43835,possible
43836,possible
43837,possible
66316,possible
43839,possible
43829,possible
43830,possible
43833,possible
45754,quiet
45762,quiet
45765,quiet
66365,quiet
45757,quiet
45767,quiet
45758,quiet
45759,quiet
45760,quiet
45965,rain
70121,rain
46001,rain
66369,rain
45993,rain
45994,rain
45995,rain
45996,rain
45998,rain
46287,ready
46305,ready
46288,ready
46289,ready
46291,ready
46292,ready
46293,ready
46296,ready
66374,ready
46299,ready
46300,ready
46302,ready
47485,research
47496,research
47497,research
47498,research
66393,research
47490,research
47501,research
47492,research
47493,research
47494,research
49475,scared
49483,scared
49486,scared
66432,scared
49477,scared
49487,scared
49478,scared
49479,scared
49480,scared
49482,scared
49627,science
70143,science
49640,science
49631,science
49632,science
49633,science
49634,science
49635,science
49637,science
49638,science
49689,score
49693,score
49694,score
49695,score
49697,score
49699,score
49700,score
66434,score
49691,score
49702,score
49706,score
49692,score
50407,sentence
50414,sentence
50415,sentence
50416,sentence
50418,sentence
50420,sentence
50408,sentence
50409,sentence
50410,sentence
50411,sentence
50834,shape
69465,shape
50842,shape
50843,shape
50845,shape
50835,shape
50836,shape
50837,shape
50838,shape
50841,shape
51901,sit
51924,sit
51925,sit
51916,sit
51927,sit
51917,sit
51918,sit
51919,sit
51921,sit
52502,slow
52513,slow
52515,slow
66508,slow
52506,slow
52507,slow
52508,slow
52509,slow
52510,slow
52512,slow
52707,snake
52720,snake
66515,snake
52711,snake
52712,snake
52713,snake
52714,snake
52716,snake
52717,snake
52913,soap
52924,soap
52926,soap
66522,soap
52917,soap
52918,soap
52919,soap
52920,soap
52921,soap
52923,soap
53023,soda
69482,soda
70071,soda
68158,soda
53024,soda
53025,soda
53026,soda
53028,soda
53030,soda
53693,speech
53700,speech
53701,speech
53696,speech
53706,speech
53707,speech
53709,speech
53710,speech
53697,speech
53698,speech
53699,speech
54413,star
54444,star
54445,star
54437,star
54447,star
54438,star
54439,star
54440,star
54443,star
54819,stink
70300,stink
54828,stink
66557,stink
66558,stink
54820,stink
54821,stink
54822,stink
54823,stink
54825,stink
54826,stink
55298,struggle
70096,struggle
55306,struggle
66573,struggle
55308,struggle
55299,struggle
55300,struggle
55301,struggle
55302,struggle
55304,struggle
55305,struggle
55312,stubborn
70362,stubborn
55321,stubborn
66574,stubborn
55313,stubborn
55314,stubborn
55315,stubborn
55316,stubborn
55318,stubborn
55319,stubborn
66581,sunset
55861,sunset
55862,sunset
55854,sunset
55864,sunset
55855,sunset
55856,sunset
55857,sunset
55859,sunset
55860,sunset
56080,surgery
56089,surgery
56090,surgery
56091,surgery
56081,surgery
56082,surgery
56083,surgery
56084,surgery
56085,surgery
56086,surgery
57815,there
70223,there
57832,there
57833,there
57834,there
57825,there
57826,there
57827,there
57828,there
57829,there
58443,tiger
69510,tiger
70108,tiger
58452,tiger
66643,tiger
58444,tiger
58445,tiger
58446,tiger
58447,tiger
58448,tiger
58450,tiger
66652,toast
58654,toast
58655,toast
58657,toast
58658,toast
58649,toast
58661,toast
58651,toast
58652,toast
58653,toast
58731,toilet
58740,toilet
58742,toilet
58732,toilet
58733,toilet
58734,toilet
58736,toilet
58737,toilet
58804,tomorrow
70349,tomorrow
58812,tomorrow
66655,tomorrow
58814,tomorrow
58805,tomorrow
58806,tomorrow
58807,tomorrow
58808,tomorrow
58810,tomorrow
58811,tomorrow
59143,town
70191,town
59155,town
66661,town
59146,town
59147,town
59148,town
59149,town
59150,town
59151,town
59153,town
59366,transfer
59373,transfer
59374,transfer
59375,transfer
66667,transfer
59376,transfer
59378,transfer
59367,transfer
59368,transfer
59369,transfer
59370,transfer
59371,transfer
59540,tree
59555,tree
66673,tree
59546,tree
59547,tree
59548,tree
59551,tree
59552,tree
59760,truck
59770,truck
59771,truck
59772,truck
66677,truck
66678,truck
59764,truck
59774,truck
59765,truck
59768,truck
60450,uncle
70331,uncle
60465,uncle
60457,uncle
60458,uncle
60459,uncle
60460,uncle
60462,uncle
60463,uncle
61141,vacation
61150,vacation
66715,vacation
61142,vacation
61143,vacation
61144,vacation
61146,vacation
61147,vacation
61148,vacation
62637,weather
62642,weather
62643,weather
62645,weather
62646,weather
62647,weather
62648,weather
62650,weather
62638,weather
62639,weather
62641,weather
62729,weekend
70377,weekend
62737,weekend
62738,weekend
66761,weekend
66760,weekend
62730,weekend
62731,weekend
62732,weekend
62733,weekend
62734,weekend
62736,weekend
00588,accept
65007,accept
00593,accept
00592,accept
00597,accept
00594,accept
00599,accept
00600,accept
00601,accept
00603,accept
01194,adult
01214,adult
01215,adult
65024,adult
01206,adult
01217,adult
01207,adult
01208,adult
01209,adult
01411,after
01426,after
65030,after
01418,after
01428,after
01419,after
01420,after
01421,after
01422,after
01551,ago
01557,ago
01558,ago
01560,ago
01561,ago
01564,ago
01552,ago
01553,ago
01554,ago
01556,ago
02041,allow
02052,allow
65052,allow
65053,allow
65054,allow
02045,allow
02046,allow
02048,allow
02049,allow
02050,allow
02348,america
68002,america
02356,america
65064,america
02349,america
02350,america
02351,america
02353,america
02354,america
02539,angel
02548,angel
65071,angel
02540,angel
02541,angel
02542,angel
02544,angel
02545,angel
02546,angel
02707,answer
70275,answer
02718,answer
65076,answer
02710,answer
02711,answer
02712,answer
02713,answer
02715,answer
02716,answer
02818,any
69212,any
70095,any
65079,any
02826,any
02828,any
02829,any
02830,any
02831,any
02833,any
65091,area
03240,area
03243,area
03234,area
03244,area
03246,area
03235,area
03237,area
03238,area
03469,art
70142,art
03486,art
65097,art
03478,art
03479,art
03480,art
03481,art
03484,art
03625,asl
68004,asl
68005,asl
03634,asl
03635,asl
03638,asl
03640,asl
03641,asl
03642,asl
04165,aunt
04176,aunt
65110,aunt
04168,aunt
04169,aunt
04170,aunt
04171,aunt
04173,aunt
04174,aunt
04422,awful
04432,awful
65118,awful
04424,awful
04434,awful
04425,awful
04426,awful
04427,awful
04429,awful
04430,awful
04436,awkward
04444,awkward
04446,awkward
04437,awkward
04438,awkward
04439,awkward
04440,awkward
04441,awkward
04443,awkward
04678,bacon
04687,bacon
65124,bacon
04679,bacon
04680,bacon
04681,bacon
04682,bacon
04684,bacon
04685,bacon
65139,bark
05113,bark
05114,bark
05115,bark
05116,bark
05118,bark
05107,bark
05108,bark
05109,bark
05110,bark
05651,bedroom
05658,bedroom
65164,bedroom
05661,bedroom
05652,bedroom
05653,bedroom
05654,bedroom
05656,bedroom
05699,beer
05712,beer
05713,beer
65166,beer
05705,beer
05715,beer
05706,beer
05707,beer
05708,beer
05709,beer
05921,belt
05931,belt
65173,belt
05923,belt
05924,belt
05925,belt
05926,belt
05928,belt
05929,belt
06176,big
69231,big
06199,big
06200,big
65182,big
65183,big
06192,big
06202,big
06193,big
06194,big
06425,bitter
06435,bitter
06436,bitter
06437,bitter
06428,bitter
06439,bitter
06429,bitter
06430,bitter
06431,bitter
06432,bitter
07258,both
69242,both
68013,both
65233,both
07271,both
07272,both
07274,both
07275,both
07277,both
08608,cake
69256,cake
08621,cake
65285,cake
65286,cake
08612,cake
08613,cake
08614,cake
08618,cake
08669,california
08676,california
08677,california
65289,california
08680,california
08670,california
08671,california
08672,california
08673,california
08674,california
08840,canada
08849,canada
65295,canada
08841,canada
08842,canada
08843,canada
08844,canada
08846,canada
08847,canada
69259,carrot
65308,carrot
09311,carrot
09314,carrot
09305,carrot
09306,carrot
09307,carrot
09308,carrot
09309,carrot
09310,carrot
09570,cause
09580,cause
65319,cause
09572,cause
09573,cause
09574,cause
09576,cause
09577,cause
09578,cause
09891,challenge
09900,challenge
65329,challenge
09892,challenge
09893,challenge
09894,challenge
09896,challenge
09897,challenge
09898,challenge
10134,cheap
10142,cheap
65340,cheap
10144,cheap
10135,cheap
10136,cheap
10137,cheap
10138,cheap
10141,cheap
10577,chocolate
10587,chocolate
65354,chocolate
10579,chocolate
10580,chocolate
10581,chocolate
10583,chocolate
10584,chocolate
10585,chocolate
11030,clean
11042,clean
65365,clean
11034,clean
11035,clean
11036,clean
11037,clean
11040,clean
11356,cloud
11364,cloud
11365,cloud
11357,cloud
11358,cloud
11359,cloud
11360,cloud
11361,cloud
11362,cloud
12111,compare
12122,compare
65386,compare
12113,compare
12114,compare
12115,compare
12116,compare
12118,compare
12119,compare
12120,compare
12222,complex
12229,complex
12231,complex
65388,complex
65389,complex
12223,complex
12225,complex
12226,complex
12228,complex
12870,contact
12879,contact
65399,contact
12871,contact
12872,contact
12873,contact
12874,contact
12876,contact
12877,contact
12967,continue
12975,continue
12977,continue
12968,continue
12969,continue
12970,continue
12971,continue
12973,continue
12974,continue
13311,corner
70181,corner
13320,corner
65407,corner
13312,corner
13313,corner
13316,corner
13317,corner
13318,corner
13349,correct
13358,correct
65410,correct
13359,correct
13350,correct
13351,correct
13352,correct
13354,correct
13355,correct
13356,correct
14374,curse
14382,curse
14385,curse
14375,curse
14376,curse
14378,curse
14379,curse
14380,curse
14381,curse
14829,dead
14843,dead
14835,dead
14845,dead
14836,dead
14837,dead
14839,dead
14840,dead
14841,dead
15421,demand
15430,demand
65458,demand
15422,demand
15423,demand
15424,demand
15425,demand
15426,demand
15428,demand
15594,depend
15610,depend
65465,depend
15601,depend
15602,depend
15603,depend
15606,depend
15607,depend
15608,depend
65467,desert
15728,desert
15729,desert
15730,desert
15721,desert
15732,desert
15723,desert
15724,desert
15725,desert
15769,desk
70229,desk
15781,desk
15772,desk
15773,desk
15774,desk
15775,desk
15776,desk
15777,desk
15932,develop
15941,develop
65472,develop
65473,develop
15933,develop
15934,develop
15935,develop
15936,develop
15938,develop
15939,develop
16123,dictionary
16131,dictionary
16132,dictionary
16134,dictionary
16124,dictionary
16125,dictionary
16126,dictionary
16127,dictionary
17122,doll
69299,doll
17151,doll
17153,doll
65510,doll
17144,doll
17145,doll
17146,doll
17149,doll
17150,doll
65554,duty
18066,duty
18058,duty
18068,duty
18059,duty
18061,duty
18062,duty
18063,duty
18064,duty
18065,duty
18271,easter
18275,easter
18276,easter
18279,easter
18280,easter
65599,easter
18282,easter
18272,easter
18273,easter
18521,egypt
18528,egypt
18529,egypt
18530,egypt
65609,egypt
18532,egypt
18522,egypt
18523,egypt
18524,egypt
18526,egypt
18785,elevator
70195,elevator
18796,elevator
65621,elevator
18788,elevator
18799,elevator
18801,elevator
18790,elevator
18791,elevator
18873,email
18875,email
65625,email
18871,email
18879,email
18880,email
18882,email
18883,email
19103,end
19117,end
19109,end
19119,end
19110,end
19111,end
19114,end
19115,end
19116,end
19325,enter
70146,enter
19335,enter
19326,enter
19327,enter
19328,enter
19330,enter
19331,enter
19332,enter
19333,enter
19679,europe
19692,europe
19693,europe
19685,europe
19695,europe
19686,europe
19687,europe
19688,europe
19689,europe
19752,event
19767,event
19768,event
65647,event
19760,event
19770,event
19761,event
19762,event
19765,event
19766,event
20137,exchange
20145,exchange
20146,exchange
20147,exchange
20149,exchange
20139,exchange
20141,exchange
20142,exchange
20143,exchange
20374,experience
20386,experience
65659,experience
20378,experience
20379,experience
20380,experience
20381,experience
20383,experience
20384,experience
20693,face
20706,face
20708,face
65668,face
65669,face
20699,face
20711,face
20700,face
20701,face
20702,face
20792,fail
70100,fail
20801,fail
65672,fail
20793,fail
20794,fail
20795,fail
20797,fail
20798,fail
20799,fail
21393,feed
21417,feed
21408,feed
21409,feed
21411,feed
21412,feed
21413,feed
21414,feed
21415,feed
21548,few
21557,few
21558,few
21559,few
21551,few
21563,few
21552,few
21554,few
22269,flag
22280,flag
65739,flag
22272,flag
22273,flag
22274,flag
22276,flag
22277,flag
22278,flag
22739,food
69330,food
68052,food
70058,food
22743,food
22744,food
22745,food
22746,food
22748,food
22750,food
22836,for
70273,for
23000,for
65756,for
22993,for
22994,for
22996,for
22997,for
22998,for
23042,form
23049,form
23050,form
23051,form
23053,form
23055,form
23056,form
23043,form
23045,form
23046,form
23439,freeze
23451,freeze
65779,freeze
23442,freeze
23443,freeze
23444,freeze
23445,freeze
23448,freeze
23541,friday
70027,friday
23548,friday
23550,friday
65781,friday
23542,friday
23543,friday
23544,friday
23545,friday
70163,front
23673,front
65786,front
23664,front
23665,front
23666,front
23667,front
23668,front
23670,front
24580,giraffe
24589,giraffe
65816,giraffe
24581,giraffe
24582,giraffe
24583,giraffe
24584,giraffe
24586,giraffe
24909,god
24922,god
65832,god
24914,god
24915,god
24916,god
24917,god
24919,god
24920,god
25370,grammar
25378,grammar
65845,grammar
25380,grammar
25371,grammar
25372,grammar
25373,grammar
25374,grammar
25375,grammar
25377,grammar
25404,grandfather
70330,grandfather
25413,grandfather
65846,grandfather
25406,grandfather
25407,grandfather
25408,grandfather
25409,grandfather
25411,grandfather
69352,great
25621,great
25624,great
25625,great
25627,great
25631,great
25634,great
25637,great
25622,great
25623,great
25640,greece
25649,greece
25651,greece
65853,greece
25642,greece
25644,greece
25645,greece
25647,greece
25648,greece
65864,guess
25920,guess
25917,guess
25918,guess
25922,guess
25923,guess
25924,guess
25926,guess
25975,guitar
25984,guitar
65867,guitar
25976,guitar
25977,guitar
25978,guitar
25979,guitar
25982,guitar
26312,hammer
26315,hammer
26317,hammer
26318,hammer
65875,hammer
26326,hammer
26313,hammer
26314,hammer
27150,helicopter
27159,helicopter
65888,helicopter
27151,helicopter
27152,helicopter
27153,helicopter
27154,helicopter
27155,helicopter
27157,helicopter
27387,high
27417,high
65893,high
27407,high
27406,high
27408,high
27412,high
27414,high
27568,history
27575,history
27576,history
65894,history
27579,history
27569,history
27570,history
27571,history
27572,history
27573,history
28375,hungry
28385,hungry
28376,hungry
28377,hungry
28378,hungry
28379,hungry
28381,hungry
28382,hungry
28438,hurt
70147,hurt
28441,hurt
28445,hurt
28446,hurt
28452,hurt
28454,hurt
28440,hurt
30383,introduce
30392,introduce
65958,introduce
30384,introduce
30385,introduce
30386,introduce
30388,introduce
30389,introduce
30390,introduce
30453,invest
30454,invest
30455,invest
30460,invest
65959,invest
30451,invest
30461,invest
30463,invest
30464,invest
30452,invest
32509,lazy
32518,lazy
66019,lazy
32510,lazy
32511,lazy
32512,lazy
32514,lazy
32515,lazy
32516,lazy
33048,library
70226,library
33051,library
33052,library
33053,library
33055,library
33056,library
33058,library
66067,lie
33114,lie
33115,lie
33116,lie
33120,lie
33121,lie
33122,lie
33124,lie
33125,lie
33128,lie
33638,lobster
33646,lobster
33648,lobster
33639,lobster
33640,lobster
33641,lobster
33642,lobster
33643,lobster
34118,love
34123,love
34124,love
34127,love
34128,love
34129,love
34121,love
34134,love
34137,love
66090,lucky
34211,lucky
34212,lucky
34213,lucky
34204,lucky
34205,lucky
34206,lucky
34207,lucky
34208,lucky
34385,magazine
34393,magazine
34395,magazine
34386,magazine
34387,magazine
34388,magazine
34390,magazine
34391,magazine
34392,magazine
66108,measure
70103,measure
35346,measure
35338,measure
35339,measure
35340,measure
35341,measure
35344,measure
35944,microwave
35950,microwave
35951,microwave
35953,microwave
66121,microwave
35956,microwave
35945,microwave
35946,microwave
35947,microwave
35948,microwave
37464,my
69404,my
37477,my
37469,my
37470,my
37471,my
37473,my
37474,my
37475,my
37945,neighbor
37963,neighbor
37964,neighbor
37965,neighbor
37956,neighbor
37967,neighbor
37957,neighbor
37958,neighbor
37959,neighbor
37961,neighbor
37962,neighbor
39031,number
68117,number
39032,number
39033,number
39034,number
39036,number
39037,number
39038,number
39040,number
69421,one
66228,one
70214,one
39742,one
39743,one
39744,one
39747,one
39748,one
39750,one
40463,outside
40468,outside
40469,outside
40470,outside
40474,outside
40476,outside
40477,outside
40464,outside
40465,outside
40467,outside
41661,peach
70311,peach
41670,peach
41662,peach
41663,peach
41664,peach
41666,peach
41667,peach
41669,peach
42695,pig
69429,pig
42709,pig
42701,pig
42702,pig
42703,pig
42704,pig
42706,pig
43570,polite
43578,polite
66308,polite
43580,polite
43571,polite
43572,polite
43573,polite
43575,polite
43576,polite
43577,polite
43900,postpone
70125,postpone
43908,postpone
43909,postpone
43910,postpone
43901,postpone
43902,postpone
43903,postpone
43904,postpone
43907,postpone
44034,power
44046,power
44047,power
44050,power
44051,power
66319,power
44056,power
44058,power
44045,power
66325,present
44351,present
44334,present
44335,present
44333,present
44344,present
44347,present
44349,present
44350,present
44469,price
44478,price
66330,price
44470,price
44471,price
44473,price
44474,price
44598,prison
44609,prison
44611,prison
66334,prison
44602,prison
44604,prison
44606,prison
44607,prison
44608,prison
45474,push
45487,push
66356,push
45479,push
45480,push
45481,push
45483,push
45485,push
45852,raccoon
45861,raccoon
66367,raccoon
66368,raccoon
45853,raccoon
45854,raccoon
45855,raccoon
45857,raccoon
46339,really
69445,really
70353,really
46368,really
46369,really
46372,really
46373,really
46374,really
46375,really
46425,reason
46436,reason
66375,reason
46428,reason
46429,reason
46430,reason
46431,reason
46433,reason
46434,reason
47103,religion
47112,religion
66386,religion
47104,religion
47105,religion
47106,religion
47107,religion
47109,religion
47110,religion
47602,respect
47611,respect
47612,respect
47613,respect
66396,respect
47604,respect
47615,respect
47605,respect
47606,respect
48738,rule
70159,rule
48743,rule
48747,rule
66419,rule
48748,rule
48749,rule
48752,rule
48740,rule
48741,rule
49073,salad
70062,salad
49084,salad
66421,salad
49077,salad
49078,salad
49079,salad
49081,salad
49082,salad
49537,schedule
49545,schedule
49547,schedule
49538,schedule
49539,schedule
49540,schedule
49542,schedule
49543,schedule
49544,schedule
50263,sell
69461,sell
50266,sell
50267,sell
50268,sell
50269,sell
50271,sell
50272,sell
50274,sell
50502,serious
50509,serious
50510,serious
66448,serious
50512,serious
50503,serious
50505,serious
50506,serious
50508,serious
51325,shower
51335,shower
51337,shower
51329,shower
51340,shower
51330,shower
51331,shower
51813,single
51820,single
51821,single
51822,single
66484,single
51824,single
51814,single
51815,single
51817,single
51818,single
52570,smart
52578,smart
52579,smart
52580,smart
52581,smart
52584,smart
52575,smart
52589,smart
52576,smart
52613,smile
52621,smile
52623,smile
66511,smile
66512,smile
52615,smile
52616,smile
52617,smile
53046,soft
69483,soft
53073,soft
53064,soft
53065,soft
53066,soft
53067,soft
53068,soft
53070,soft
53071,soft
53413,sound
53421,sound
66537,sound
53423,sound
53414,sound
53415,sound
53416,sound
53417,sound
53420,sound
53427,soup
69485,soup
70059,soup
66538,soup
53428,soup
53429,soup
53431,soup
53432,soup
53434,soup
53543,spain
53552,spain
53553,spain
53554,spain
53544,spain
53545,spain
53546,spain
53547,spain
53548,spain
54069,spray
54080,spray
54081,spray
54082,spray
54083,spray
54074,spray
54087,spray
54076,spray
54077,spray
54204,squirrel
54213,squirrel
66551,squirrel
54205,squirrel
54206,squirrel
54207,squirrel
54209,squirrel
54211,squirrel
54870,stomach
54886,stomach
66560,stomach
54878,stomach
54879,stomach
54880,stomach
54882,stomach
54883,stomach
54884,stomach
54991,story
55003,story
66561,story
66562,story
54995,story
54998,story
54999,story
55000,story
55001,story
55069,strange
69491,strange
55077,strange
66564,strange
55070,strange
55071,strange
55072,strange
55074,strange
55075,strange
55145,street
70192,street
55157,street
66569,street
55150,street
55151,street
55152,street
55154,street
55155,street
55169,stress
55184,stress
66570,stress
55176,stress
55177,stress
55178,stress
55179,stress
55181,stress
55182,stress
55197,strict
55206,strict
66571,strict
55198,strict
55199,strict
55200,strict
55202,strict
55203,strict
55204,strict
55274,strong
69493,strong
55284,strong
66572,strong
55276,strong
55286,strong
55277,strong
55278,strong
55279,strong
55283,strong
55656,sugar
55666,sugar
55658,sugar
55668,sugar
55659,sugar
55660,sugar
55661,sugar
55663,sugar
55664,sugar
55665,sugar
55730,summer
69495,summer
55738,summer
66579,summer
55731,summer
55732,summer
55733,summer
55735,summer
55736,summer
56157,suspect
56165,suspect
56167,suspect
56158,suspect
56159,suspect
56160,suspect
56161,suspect
56163,suspect
56164,suspect
56294,sweetheart
56302,sweetheart
56303,sweetheart
56305,sweetheart
56295,sweetheart
56296,sweetheart
56297,sweetheart
56298,sweetheart
56300,sweetheart
56301,sweetheart
57131,tease
57139,tease
57141,tease
57132,tease
57133,tease
57134,tease
57136,tease
57137,tease
57138,tease
57669,that
57677,that
66599,that
57670,that
57678,that
57671,that
57679,that
57757,themselves
57765,themselves
57766,themselves
57767,themselves
57768,themselves
57758,themselves
57759,themselves
57762,themselves
57763,themselves
57764,themselves
57801,therapy
57807,therapy
57808,therapy
57809,therapy
66605,therapy
57811,therapy
57802,therapy
57803,therapy
57804,therapy
57806,therapy
58023,thirsty
69506,thirsty
58031,thirsty
66615,thirsty
58024,thirsty
58025,thirsty
58026,thirsty
58027,thirsty
58029,thirsty
58384,ticket
58387,ticket
58397,ticket
58388,ticket
58389,ticket
58392,ticket
58393,ticket
58394,ticket
58933,top
70165,top
58944,top
66658,top
58935,top
58936,top
58937,top
58940,top
58942,top
59902,tuesday
70024,tuesday
59909,tuesday
59910,tuesday
59911,tuesday
59913,tuesday
59903,tuesday
59904,tuesday
59905,tuesday
59906,tuesday
59953,turkey
59954,turkey
59956,turkey
59959,turkey
66683,turkey
59961,turkey
59963,turkey
59966,turkey
59952,turkey
60759,university
60768,university
66707,university
60760,university
60761,university
60762,university
60763,university
60765,university
60766,university
60850,until
60858,until
66708,until
60860,until
60851,until
60852,until
60853,until
60854,until
60856,until
60857,until
62458,watch
62440,watch
62443,watch
62444,watch
62445,watch
62439,watch
62452,watch
62453,watch
62454,watch
62584,weak
70123,weak
62593,weak
62585,weak
62586,weak
62587,weak
62588,weak
62590,weak
62591,weak
62684,wedding
62697,wedding
66757,wedding
62689,wedding
62690,wedding
62691,wedding
62692,wedding
62694,wedding
62695,wedding
63358,will
69536,will
70350,will
70292,will
63364,will
63369,will
63370,will
63371,will
63374,will
63360,will
63399,wind
70086,wind
63410,wind
66790,wind
63402,wind
63403,wind
63404,wind
63405,wind
63407,wind
63408,wind
63830,world
63836,world
63837,world
63838,world
63839,world
66807,world
63841,world
63831,world
63832,world
63872,worry
70301,worry
63879,worry
63881,worry
66810,worry
63873,worry
63875,worry
63876,worry
63947,wow
63948,wow
63968,wow
63949,wow
63951,wow
63953,wow
63955,wow
63958,wow
63962,wow
63964,wow
64401,young
70366,young
64419,young
64411,young
64413,young
64414,young
64416,young
64417,young
69205,add
65018,add
00967,add
00961,add
00973,add
00962,add
00963,add
00964,add
00965,add
01721,airplane
01730,airplane
65038,airplane
01724,airplane
01734,airplane
01726,airplane
01727,airplane
01729,airplane
02158,already
02168,already
02159,already
02160,already
02161,already
02162,already
02163,already
02165,already
02166,already
02173,also
69207,also
65059,also
02174,also
02175,also
02177,also
02178,also
02179,also
02181,also
02473,analyze
65066,analyze
02483,analyze
02474,analyze
02475,analyze
02476,analyze
02477,analyze
02478,analyze
02480,analyze
02517,and
02525,and
65067,and
02518,and
02519,and
02521,and
02522,and
02523,and
02564,angry
02569,angry
02572,angry
65072,angry
02575,angry
02565,angry
02566,angry
02567,angry
02568,angry
02941,appear
65083,appear
02951,appear
02961,appear
02952,appear
02953,appear
02954,appear
02956,appear
03328,arm
69215,arm
03344,arm
65094,arm
03337,arm
03338,arm
03339,arm
03342,arm
03360,army
03368,army
65095,army
03361,army
03362,army
03364,army
03365,army
03366,army
03420,arrest
03425,arrest
03426,arrest
03427,arrest
03430,arrest
03417,arrest
03418,arrest
03419,arrest
65100,asia
03571,asia
03562,asia
03563,asia
03564,asia
03565,asia
03568,asia
03569,asia
03587,ask
03597,ask
03598,ask
03603,ask
65101,ask
03595,ask
03605,ask
03607,ask
04039,attitude
04048,attitude
65108,attitude
04040,attitude
04041,attitude
04042,attitude
04044,attitude
04045,attitude
04046,attitude
04056,attract
04062,attract
04072,attract
04073,attract
04076,attract
04063,attract
04064,attract
04814,bald
04824,bald
04826,bald
65130,bald
04819,bald
04829,bald
04831,bald
04821,bald
04823,bald
65138,barely
05069,barely
05071,barely
05062,barely
05074,barely
05063,barely
05064,barely
05065,barely
05066,barely
05067,barely
05165,baseball
70128,baseball
05178,baseball
65141,baseball
65140,baseball
05171,baseball
05172,baseball
05175,baseball
05176,baseball
05756,beg
05767,beg
65168,beg
05759,beg
05762,beg
05763,beg
05764,beg
05765,beg
05959,benefit
05967,benefit
65175,benefit
05960,benefit
05961,benefit
05962,benefit
05964,benefit
05965,benefit
06407,bite
06417,bite
65199,bite
06409,bite
06419,bite
06410,bite
06411,bite
06414,bite
06526,blame
06536,blame
65202,blame
06528,blame
06529,blame
06532,blame
06533,blame
06534,blame
06929,boat
69239,boat
06937,boat
65221,boat
06930,boat
06931,boat
06932,boat
06933,boat
06935,boat
06941,body
69240,body
65222,body
06948,body
06949,body
06951,body
06952,body
06954,body
07226,borrow
07234,borrow
65230,borrow
07227,borrow
07228,borrow
07230,borrow
07231,borrow
07232,borrow
07236,boss
07243,boss
07245,boss
65231,boss
07247,boss
07237,boss
07238,boss
07239,boss
07259,bother
65234,bother
07269,bother
07260,bother
07261,bother
07262,bother
07264,bother
07265,bother
07266,bother
07284,bottle
69243,bottle
65235,bottle
07286,bottle
07287,bottle
07288,bottle
07290,bottle
07292,bottle
70166,bottom
07301,bottom
07303,bottom
07304,bottom
07306,bottom
07309,bottom
07297,bottom
07298,bottom
07299,bottom
07300,bottom
07490,brag
07498,brag
65249,brag
65248,brag
07492,brag
07493,brag
07495,brag
07496,brag
08118,build
08127,build
65268,build
08119,build
08120,build
08121,build
08123,build
08124,build
08125,build
08330,bus
08349,bus
08352,bus
08355,bus
08346,bus
08359,bus
08360,bus
08347,bus
08439,butter
08455,butter
65279,butter
08448,butter
08449,butter
08450,butter
08452,butter
08453,butter
08739,calm
08745,calm
08755,calm
08746,calm
08747,calm
08748,calm
08749,calm
08752,calm
08858,cancel
08868,cancel
08859,cancel
08860,cancel
08861,cancel
08862,cancel
08863,cancel
08865,cancel
08866,cancel
08897,candle
08905,candle
65297,candle
08898,candle
08899,candle
08900,candle
08902,candle
08903,candle
09149,cards
09155,cards
65305,cards
09151,cards
09153,cards
10588,choice
10598,choice
10589,choice
10590,choice
10591,choice
10592,choice
10594,choice
10595,choice
10596,choice
11812,comb
11828,comb
11819,comb
11820,comb
11821,comb
11823,comb
11824,comb
11900,comfortable
11911,comfortable
65381,comfortable
11903,comfortable
11904,comfortable
11905,comfortable
11906,comfortable
11908,comfortable
11909,comfortable
11910,comfortable
65394,conflict
70102,conflict
12593,conflict
12584,conflict
12586,conflict
12587,conflict
12588,conflict
12590,conflict
12591,conflict
13654,cover
13664,cover
65416,cover
13656,cover
13657,cover
13659,cover
13660,cover
13661,cover
13662,cover
13663,cover
15556,deodorant
15564,deodorant
65462,deodorant
15557,deodorant
15558,deodorant
15559,deodorant
15560,deodorant
15561,deodorant
15562,deodorant
15807,dessert
15815,dessert
65470,dessert
15817,dessert
15808,dessert
15809,dessert
15810,dessert
15811,dessert
15813,dessert
15825,destroy
15833,destroy
65471,destroy
15835,destroy
15826,destroy
15827,destroy
15828,destroy
15829,destroy
15831,destroy
15832,destroy
16061,diamond
16063,diamond
16065,diamond
65476,diamond
16069,diamond
16070,diamond
16071,diamond
16073,diamond
17123,dollar
17132,dollar
17133,dollar
17135,dollar
17124,dollar
17125,dollar
17126,dollar
17127,dollar
17128,dollar
17589,drawer
65532,drawer
17581,drawer
17582,drawer
17583,drawer
17585,drawer
17586,drawer
17587,drawer
17624,dream
17633,dream
17634,dream
17636,dream
65534,dream
65533,dream
17627,dream
17628,dream
17907,drunk
17918,drunk
65548,drunk
17910,drunk
17911,drunk
17912,drunk
17914,drunk
17915,drunk
17916,drunk
17945,duck
69305,duck
17955,duck
65551,duck
17948,duck
17949,duck
17951,duck
18027,during
70039,during
18028,during
18029,during
18030,during
18032,during
18033,during
18034,during
18036,during
18137,eagle
18144,eagle
65588,eagle
65589,eagle
18138,eagle
18139,eagle
18140,eagle
18142,eagle
18164,early
18184,early
18167,early
18168,early
18169,early
18166,early
18178,early
18181,early
18182,early
19456,equal
19464,equal
65640,equal
19457,equal
19458,equal
19459,equal
19462,equal
19798,every
69311,every
65648,every
19842,every
19843,every
19845,every
19846,every
19847,every
19849,every
20152,excited
70286,excited
20160,excited
65655,excited
20162,excited
20153,excited
20154,excited
20157,excited
20158,excited
65657,exercise
68047,exercise
20235,exercise
20226,exercise
20227,exercise
20229,exercise
20231,exercise
20387,experiment
20396,experiment
20397,experiment
20398,experiment
65660,experiment
20390,experiment
20401,experiment
20392,experiment
20393,experiment
20402,expert
20411,expert
20412,expert
20414,expert
20403,expert
20404,expert
20406,expert
20407,expert
20408,expert
20736,fact
69315,fact
20746,fact
20747,fact
20737,fact
20739,fact
20740,fact
20741,fact
21319,fear
21332,fear
21324,fear
21334,fear
21325,fear
21327,fear
21328,fear
21330,fear
21331,fear
21394,feedback
21403,feedback
65695,feedback
21405,feedback
21395,feedback
21397,feedback
21398,feedback
21399,feedback
22683,fold
22702,fold
65750,fold
22694,fold
22695,fold
22696,fold
22700,fold
22907,forest
22920,forest
65759,forest
22911,forest
22912,forest
22913,forest
22914,forest
22917,forest
22918,forest
23326,france
23335,france
23336,france
65777,france
23328,france
23338,france
23330,france
23331,france
23626,frog
23634,frog
65784,frog
23627,frog
23628,frog
23629,frog
23630,frog
23632,frog
23865,funny
23868,funny
23878,funny
23869,funny
23870,funny
23873,funny
23875,funny
24056,garage
70042,garage
65801,garage
24057,garage
24059,garage
24060,garage
24061,garage
24063,garage
24867,goal
24872,goal
24875,goal
65829,goal
24878,goal
24881,goal
24868,goal
24869,goal
24870,goal
25003,golf
65833,golf
25011,golf
25012,golf
25013,golf
25014,golf
25015,golf
25017,golf
25024,gone
70114,gone
70321,gone
25033,gone
65834,gone
25034,gone
25025,gone
25026,gone
25028,gone
25182,gossip
25191,gossip
25183,gossip
25184,gossip
25185,gossip
25186,gossip
25188,gossip
25189,gossip
25428,grandmother
70329,grandmother
25436,grandmother
65847,grandmother
25429,grandmother
25430,grandmother
25431,grandmother
25432,grandmother
25434,grandmother
25481,grapes
70312,grapes
65849,grapes
25482,grapes
25483,grapes
25484,grapes
25485,grapes
25486,grapes
25487,grapes
25488,grapes
25820,group
25829,group
25830,group
25832,group
65859,group
65860,group
25823,group
25824,group
25825,group
25826,group
65865,guilty
25967,guilty
25968,guilty
65866,guilty
25960,guilty
25961,guilty
25962,guilty
25966,guilty
26294,hamburger
26303,hamburger
26295,hamburger
26296,hamburger
26297,hamburger
26298,hamburger
26300,hamburger
26301,hamburger
26697,hate
68067,hate
26706,hate
26708,hate
26710,hate
26698,hate
26701,hate
26831,head
69362,head
26852,head
26853,head
26854,head
26856,head
26857,head
26858,head
26860,head
27249,her
27281,her
27282,her
27274,her
27284,her
27285,her
27275,her
27279,her
27280,her
27983,horse
70106,horse
28003,horse
27994,horse
27995,horse
27999,horse
28001,horse
28772,ignore
28783,ignore
65923,ignore
28775,ignore
28776,ignore
28780,ignore
29087,impossible
29096,impossible
65927,impossible
29088,impossible
29089,impossible
29090,impossible
29092,impossible
29094,impossible
29171,in
69377,in
29718,in
29719,in
29720,in
29721,in
29723,in
29724,in
29726,in
29380,independent
29391,independent
65932,independent
29383,independent
29384,independent
29385,independent
29386,independent
29388,independent
29389,independent
29865,inside
70162,inside
65942,inside
29866,inside
29867,inside
29868,inside
29870,inside
29871,inside
29873,inside
30051,insurance
30060,insurance
30052,insurance
30053,insurance
30054,insurance
30055,insurance
30057,insurance
30058,insurance
30674,island
30682,island
65966,island
30675,island
30676,island
30677,island
30679,island
30680,island
32692,lecture
32701,lecture
32693,lecture
32694,lecture
32695,lecture
32696,lecture
32697,lecture
32699,lecture
32885,lesson
32894,lesson
66037,lesson
32887,lesson
32888,lesson
32889,lesson
32891,lesson
32892,lesson
33303,limit
33319,limit
66072,limit
33311,limit
33312,limit
33313,limit
33314,limit
33316,limit
33317,limit
33390,lion
70109,lion
33391,lion
33392,lion
33393,lion
33395,lion
33398,lion
33451,listen
33462,listen
33463,listen
33454,listen
33465,listen
33466,listen
33455,listen
33456,listen
33457,listen
33460,listen
34861,march
34868,march
34869,march
34872,march
34873,march
34862,march
34864,march
34867,march
35147,math
35161,math
35163,math
66107,math
35155,math
35156,math
35158,math
35159,math
35160,math
69397,maybe
35218,maybe
70099,maybe
35219,maybe
35220,maybe
35222,maybe
35226,maybe
35371,mechanic
35383,mechanic
66110,mechanic
35377,mechanic
35378,mechanic
35380,mechanic
35381,mechanic
69399,mom
36603,mom
36604,mom
36605,mom
36606,mom
36607,mom
36608,mom
36609,mom
36611,mom
37040,mouse
37046,mouse
37048,mouse
37053,mouse
37042,mouse
37043,mouse
37202,much
66154,much
37194,much
37195,much
37196,much
37198,much
37199,much
37200,much
37313,muscle
37321,muscle
37322,muscle
37324,muscle
37314,muscle
37315,muscle
37316,muscle
37318,muscle
37319,muscle
37320,muscle
37332,museum
37341,museum
66155,museum
37333,museum
37334,museum
37335,museum
37338,museum
37339,museum
37395,must
70291,must
37425,must
37427,must
37418,must
37430,must
37432,must
37419,must
37421,must
37396,mustache
70368,mustache
37404,mustache
37397,mustache
37398,mustache
37399,mustache
37400,mustache
37403,mustache
37909,negative
69406,negative
66164,negative
37910,negative
37911,negative
37914,negative
37915,negative
37917,negative
38008,nervous
38019,nervous
38011,nervous
38021,nervous
38012,nervous
38013,nervous
38014,nervous
38015,nervous
38061,neutral
38071,neutral
38062,neutral
38063,neutral
38064,neutral
38065,neutral
38067,neutral
38068,neutral
38721,nose
70253,nose
38737,nose
38728,nose
38729,nose
38730,nose
38731,nose
38733,nose
38734,nose
39503,often
70036,often
39511,often
39512,often
39514,often
39504,often
39505,often
39507,often
39510,often
39984,operate
39992,operate
39995,operate
39996,operate
39985,operate
39986,operate
39990,operate
40010,opinion
40018,opinion
40019,opinion
66239,opinion
66240,opinion
40021,opinion
40011,opinion
40012,opinion
40013,opinion
40014,opinion
40308,other
40321,other
40313,other
40314,other
40315,other
40317,other
40318,other
40319,other
66267,pass
41356,pass
41357,pass
41350,pass
41360,pass
41361,pass
41364,pass
41365,pass
41352,pass
42753,pillow
42754,pillow
42746,pillow
42758,pillow
42747,pillow
42749,pillow
42750,pillow
44267,prepare
44281,prepare
66324,prepare
44273,prepare
44274,prepare
44275,prepare
44276,prepare
44278,prepare
44279,prepare
44422,pretty
69437,pretty
70255,pretty
66328,pretty
44424,pretty
44426,pretty
44427,pretty
44429,pretty
44491,priest
44500,priest
44492,priest
44493,priest
44495,priest
44496,priest
44498,priest
44828,program
44837,program
66337,program
44829,program
44830,program
44831,program
44833,program
44834,program
44835,program
44896,promise
70154,promise
66339,promise
44897,promise
44898,promise
44900,promise
44901,promise
44903,promise
45494,put
69441,put
45511,put
45512,put
45513,put
45515,put
45517,put
45519,put
45684,queen
45692,queen
66362,queen
45685,queen
45686,queen
45687,queen
45689,queen
45690,queen
45777,quit
45789,quit
45780,quit
45781,quit
45782,quit
45783,quit
45785,quit
45786,quit
45787,quit
45905,radio
45916,radio
45907,radio
45908,radio
45909,radio
45910,radio
45912,radio
45913,radio
46155,rat
46182,rat
46174,rat
46175,rat
46176,rat
46178,rat
46179,rat
46180,rat
46997,reject
47008,reject
47000,reject
47001,reject
47002,reject
47003,reject
47005,reject
47006,reject
47007,reject
47458,require
47469,require
47460,require
47461,require
47462,require
47463,require
47466,require
47467,require
47668,rest
70057,rest
47669,rest
47671,rest
47672,rest
47673,rest
47675,rest
47676,rest
47782,retire
47794,retire
66400,retire
47786,retire
47787,retire
47788,retire
47789,retire
47790,retire
47791,retire
47792,retire
48207,rise
48212,rise
48216,rise
48218,rise
48209,rise
48219,rise
48224,rise
48210,rise
48249,river
48258,river
66410,river
48252,river
48253,river
48255,river
48256,river
48603,rough
48614,rough
66418,rough
48606,rough
48607,rough
48608,rough
48610,rough
48611,rough
48612,rough
50107,see
69460,see
50120,see
50122,see
50125,see
50128,see
50138,seem
70360,seem
66442,seem
50139,seem
50140,seem
50143,seem
50144,seem
50146,seem
50328,send
50338,send
50339,send
50330,send
50341,send
50331,send
50332,send
50336,send
50719,sew
68146,sew
66459,sew
50721,sew
50723,sew
50725,sew
50727,sew
50932,sheep
50942,sheep
50934,sheep
50935,sheep
50936,sheep
50938,sheep
50939,sheep
51019,shine
51029,shine
51020,shine
51021,shine
51022,shine
51023,shine
51024,shine
51025,shine
51027,shine
51094,shock
51107,shock
51108,shock
66466,shock
51102,shock
51112,shock
51114,shock
51103,shock
51104,shock
51105,shock
51106,shock
51272,should
70294,should
51287,should
51288,should
51289,should
51290,should
51292,should
51293,should
51295,should
51686,silent
51696,silent
51687,silent
51688,silent
51690,silent
51691,silent
51692,silent
51693,silent
51694,silent
52168,skinny
52175,skinny
52176,skinny
52177,skinny
52179,skinny
52169,skinny
52170,skinny
52171,skinny
52174,skinny
52197,skirt
52204,skirt
52208,skirt
52198,skirt
52199,skirt
52200,skirt
52201,skirt
52203,skirt
69477,sky
52236,sky
52228,sky
52238,sky
52229,sky
52230,sky
52231,sky
52232,sky
52235,sky
53435,sour
53452,sour
53443,sour
53444,sour
53445,sour
53447,sour
53448,sour
53449,sour
53450,sour
53640,special
69486,special
66542,special
66543,special
53642,special
53643,special
53644,special
53646,special
53648,special
53899,spirit
53910,spirit
53901,spirit
53902,spirit
53903,spirit
53906,spirit
53907,spirit
53908,spirit
54255,staff
54264,staff
54256,staff
54257,staff
54258,staff
54260,staff
54261,staff
54262,staff
54360,stand
68160,stand
54385,stand
66553,stand
54377,stand
54378,stand
54381,stand
54383,stand
54586,steal
54593,steal
54597,steal
54588,steal
54598,steal
54600,steal
54589,steal
54591,steal
54592,steal
54915,stop
54925,stop
54922,stop
54923,stop
54928,stop
54929,stop
54932,stop
70371,stupid
55423,stupid
55425,stupid
55429,stupid
55431,stupid
55419,stupid
55421,stupid
55745,summon
55755,summon
55746,summon
55747,summon
55750,summon
55751,summon
55752,summon
55753,summon
55837,sunrise
55843,sunrise
55844,sunrise
55845,sunrise
66580,sunrise
55847,sunrise
55849,sunrise
55841,sunrise
55842,sunrise
56191,swallow
56202,swallow
56193,swallow
56194,swallow
56195,swallow
56196,swallow
56198,swallow
56199,swallow
57260,television
57268,television
57271,television
57261,television
57262,television
57263,television
57265,television
57266,television
58629,to
58730,to
58721,to
58722,to
58723,to
58724,to
58725,to
58727,to
58728,to
58705,together
58714,together
66653,together
58706,together
58707,together
58709,together
58710,together
58711,together
58712,together
59404,translate
59411,translate
66669,translate
66670,translate
59405,translate
59406,translate
59407,translate
59409,translate
59596,triangle
59602,triangle
59603,triangle
59604,triangle
59605,triangle
59609,triangle
59597,triangle
59598,triangle
60043,turtle
60052,turtle
60044,turtle
60045,turtle
60046,turtle
60048,turtle
60049,turtle
66705,underwear
60572,underwear
60571,underwear
60574,underwear
60575,underwear
60576,underwear
60579,underwear
60583,underwear
60580,underwear
60887,up
69522,up
60915,up
66709,up
60907,up
60909,up
60910,up
60911,up
60912,up
60913,up
60947,upset
60956,upset
66712,upset
66711,upset
60948,upset
60949,upset
60950,upset
60951,upset
60952,upset
60954,upset
61737,violin
61745,violin
66729,violin
61738,violin
61739,violin
61740,violin
61742,violin
61743,violin
61965,volunteer
66739,volunteer
61966,volunteer
61967,volunteer
61968,volunteer
61969,volunteer
61971,volunteer
61973,volunteer
62285,warm
62297,warm
62289,warm
62290,warm
62291,warm
62294,warm
62295,warm
62301,warn
62309,warn
66747,warn
62302,warn
62303,warn
62305,warn
62306,warn
62307,warn
62329,wash
62358,wash
62365,wash
62356,wash
62367,wash
62370,wash
62372,wash
62357,wash
63447,wine
70070,wine
63448,wine
63449,wine
63450,wine
63452,wine
63453,wine
63455,wine
63621,witness
63640,witness
63622,witness
63623,witness
63628,witness
63629,witness
63630,witness
63637,witness
63638,witness
63720,wood
63729,wood
66802,wood
63722,wood
63723,wood
63724,wood
63726,wood
63727,wood
64543,zero
68193,zero
64551,zero
66825,zero
64544,zero
64547,zero
64548,zero
00829,across
00840,across
00832,across
00842,across
00834,across
00835,across
00836,across
00838,across
00839,across
00897,actor
65017,actor
00898,actor
00899,actor
00900,actor
00901,actor
00902,actor
00904,actor
01572,agree
70117,agree
01575,agree
01576,agree
01577,agree
01579,agree
01580,agree
01582,agree
01796,alarm
01808,alarm
65040,alarm
01801,alarm
01802,alarm
01804,alarm
01805,alarm
65050,allergy
01962,allergy
65051,allergy
01955,allergy
01965,allergy
01956,allergy
01957,allergy
01960,allergy
02089,almost
65056,almost
02091,almost
02092,almost
02093,almost
02095,almost
02096,almost
02097,almost
02618,announce
65074,announce
02619,announce
02620,announce
02622,announce
02623,announce
02625,announce
02871,apartment
02872,apartment
02873,apartment
02874,apartment
02875,apartment
02877,apartment
02878,apartment
02880,apartment
04008,attention
65107,attention
04011,attention
04012,attention
04013,attention
04015,attention
04017,attention
04110,audience
04118,audience
04119,audience
04120,audience
04121,audience
04123,audience
04115,audience
04116,audience
04154,august
04163,august
04164,august
04155,august
04156,august
04157,august
04159,august
04160,august
04161,august
04288,autumn
65113,autumn
04289,autumn
04290,autumn
04291,autumn
04292,autumn
04294,autumn
04296,autumn
04386,away
69216,away
04397,away
65117,away
04388,away
04389,away
04393,away
04395,away
05554,beautiful
05556,beautiful
05557,beautiful
05558,beautiful
05559,beautiful
05560,beautiful
05562,beautiful
05564,beautiful
05565,beautiful
05614,become
70148,become
65160,become
05616,become
05617,become
05619,become
05620,become
05622,become
05910,below
05920,below
05911,below
05912,below
05913,below
05915,below
05917,below
05918,below
06014,best
06021,best
06022,best
06023,best
06025,best
06026,best
06027,best
06029,best
06039,bet
69230,bet
06045,bet
06046,bet
06047,bet
06049,bet
06050,bet
06052,bet
06157,bicycle
65181,bicycle
06159,bicycle
06160,bicycle
06161,bicycle
06163,bicycle
06165,bicycle
06312,biology
65186,biology
06313,biology
06314,biology
06315,biology
06317,biology
06319,biology
07440,boyfriend
07443,boyfriend
70343,boyfriend
07441,boyfriend
07445,boyfriend
07446,boyfriend
07447,boyfriend
07450,boyfriend
07451,boyfriend
07608,break
70098,break
65252,break
07632,break
07642,break
07634,break
07637,break
07747,bridge
65259,bridge
07751,bridge
07753,bridge
07754,bridge
07755,bridge
07757,bridge
65264,brush
08005,brush
08006,brush
65265,brush
08012,brush
08000,brush
08001,brush
65269,building
70196,building
08130,building
08131,building
08132,building
08134,building
08135,building
08410,busy
70105,busy
08418,busy
65277,busy
08420,busy
08411,busy
08412,busy
08417,busy
08782,camera
08791,camera
65292,camera
08783,camera
08784,camera
08786,camera
08789,camera
08799,camp
68017,camp
08817,camp
08818,camp
08819,camp
08820,camp
08821,camp
08823,camp
65303,caption
09095,caption
09087,caption
09088,caption
09091,caption
09092,caption
09093,caption
09197,care
09199,care
09200,care
09209,care
09210,care
09211,care
09214,care
09198,care
09317,carry
69260,carry
09328,carry
65309,carry
09319,carry
09320,carry
09321,carry
09326,carry
09632,celebrate
65321,celebrate
09633,celebrate
09634,celebrate
09636,celebrate
09637,celebrate
09638,celebrate
09640,celebrate
09805,certificate
65326,certificate
09806,certificate
09807,certificate
09808,certificate
09810,certificate
09812,certificate
09834,chain
65327,chain
09835,chain
09836,chain
09837,chain
09838,chain
09840,chain
09842,chain
09933,chance
09940,chance
65331,chance
09943,chance
09934,chance
09935,chance
09936,chance
10014,character
10021,character
10023,character
65334,character
10015,character
10016,character
10017,character
10019,character
10088,chase
65337,chase
10089,chase
10090,chase
10091,chase
10093,chase
10094,chase
10096,chase
11006,classroom
11007,classroom
11008,classroom
11009,classroom
11011,classroom
11012,classroom
11013,classroom
11015,classroom
11059,clear
11067,clear
65366,clear
11061,clear
11062,clear
11064,clear
11065,clear
11142,climb
11148,climb
11150,climb
11151,climb
11155,climb
11143,climb
11144,climb
11145,climb
11936,command
11950,command
11942,command
11952,command
11943,command
11944,command
11948,command
12058,community
12069,community
12060,community
12062,community
12063,community
12064,community
12066,community
12067,community
12188,complain
12190,complain
12191,complain
12192,complain
12193,complain
12195,complain
12196,complain
12198,complain
12290,compromise
12300,compromise
12291,compromise
12292,compromise
12293,compromise
12294,compromise
12296,compromise
12297,compromise
13015,contribute
13023,contribute
13024,contribute
13026,contribute
13017,contribute
13018,contribute
13019,contribute
13020,contribute
13244,cop
13245,cop
13246,cop
13247,cop
13249,cop
13250,cop
13251,cop
13252,cop
13253,cop
13407,cost
13414,cost
13424,cost
13415,cost
13416,cost
13417,cost
13420,cost
13455,couch
13456,couch
13457,couch
13458,couch
13460,couch
13461,couch
13464,couch
13743,cracker
13744,cracker
13745,cracker
13746,cracker
13748,cracker
13749,cracker
13751,cracker
14311,curious
65429,curious
14312,curious
14313,curious
14314,curious
14316,curious
14317,curious
14319,curious
14365,curriculum
65431,curriculum
14366,curriculum
14367,curriculum
14368,curriculum
14370,curriculum
14371,curriculum
14372,curriculum
14373,curriculum
69289,dad
14565,dad
14566,dad
14567,dad
14568,dad
14569,dad
14570,dad
14572,dad
15546,deny
15554,deny
65461,deny
15547,deny
15548,deny
15549,deny
15551,deny
15705,describe
69294,describe
15706,describe
15707,describe
15708,describe
15709,describe
15711,describe
15713,describe
16076,diaper
65477,diaper
16081,diaper
16082,diaper
16083,diaper
16085,diaper
16087,diaper
16095,diarrhea
16097,diarrhea
16098,diarrhea
16099,diarrhea
16100,diarrhea
16102,diarrhea
16104,diarrhea
16427,disagree
70118,disagree
16428,disagree
16429,disagree
16430,disagree
16431,disagree
16434,disagree
16436,disagree
16803,dissolve
65494,dissolve
16804,dissolve
16805,dissolve
16806,dissolve
16808,dissolve
16809,dissolve
16811,dissolve
16922,divide
16934,divide
65499,divide
16925,divide
16936,divide
16926,divide
16927,divide
16930,divide
17159,dolphin
17160,dolphin
17166,dolphin
17157,dolphin
17158,dolphin
17374,double
65523,double
17377,double
17378,double
17379,double
17381,double
17382,double
17384,double
17388,doubt
65524,doubt
17390,doubt
17400,doubt
17391,doubt
17394,doubt
17395,doubt
17981,dumb
70370,dumb
17995,dumb
65553,dumb
17988,dumb
17992,dumb
17993,dumb
18239,earth
18241,earth
18242,earth
18243,earth
18245,earth
18246,earth
18248,earth
18253,earthquake
65596,earthquake
18254,earthquake
18255,earthquake
18256,earthquake
18258,earthquake
18259,earthquake
69309,eight
18569,eight
18570,eight
18571,eight
18575,eight
18576,eight
18578,eight
18887,embarrass
18903,embarrass
65626,embarrass
18897,embarrass
18898,embarrass
18899,embarrass
18900,embarrass
18901,embarrass
18970,emotion
18986,emotion
18978,emotion
18979,emotion
18980,emotion
18981,emotion
18983,emotion
18984,emotion
19086,encourage
65628,encourage
19087,encourage
19088,encourage
19089,encourage
19090,encourage
19092,encourage
19094,encourage
19164,energy
65630,energy
19165,energy
19166,energy
19167,energy
19169,energy
19170,energy
19172,energy
19304,enough
19312,enough
65637,enough
19305,enough
19306,enough
19309,enough
19310,enough
19703,evaluate
19713,evaluate
19704,evaluate
19705,evaluate
19706,evaluate
19707,evaluate
19710,evaluate
19966,evidence
19967,evidence
19968,evidence
19969,evidence
19970,evidence
19971,evidence
19974,evidence
19975,evidence
20007,exact
70115,exact
65650,exact
20008,exact
20009,exact
20010,exact
20012,exact
20014,exact
20020,exaggerate
20022,exaggerate
20023,exaggerate
20024,exaggerate
20027,exaggerate
20028,exaggerate
20030,exaggerate
20327,expect
20334,expect
20335,expect
20336,expect
20337,expect
20339,expect
20340,expect
20342,expect
21022,fancy
21030,fancy
21031,fancy
65680,fancy
21033,fancy
21023,fancy
21024,fancy
21026,fancy
21027,fancy
21302,favorite
21309,favorite
21310,favorite
65694,favorite
21312,favorite
21303,favorite
21304,favorite
21828,finally
21829,finally
21830,finally
21831,finally
21832,finally
21833,finally
21835,finally
21836,finally
23273,fox
23281,fox
65775,fox
23274,fox
23275,fox
23276,fox
23277,fox
23279,fox
23479,french
68055,french
23489,french
23481,french
23482,french
23485,french
23486,french
23709,fruit
65789,fruit
23701,fruit
23702,fruit
23703,fruit
23704,fruit
23705,fruit
65796,function
23811,function
23802,function
23804,function
23805,function
23806,function
23808,function
23809,function
24165,gather
24174,gather
65803,gather
24176,gather
24166,gather
24167,gather
24171,gather
24376,germany
24385,germany
65806,germany
24378,germany
24379,germany
24381,germany
24382,germany
24822,gloves
24829,gloves
24824,gloves
24826,gloves
24827,gloves
24828,gloves
24883,goat
24895,goat
65830,goat
24888,goat
24889,goat
24890,goat
24892,goat
25041,goodbye
25044,goodbye
25052,goodbye
25055,goodbye
25049,goodbye
25051,goodbye
69354,grow
65862,grow
25852,grow
25844,grow
25846,grow
25847,grow
25850,grow
26001,gum
65868,gum
26002,gum
26003,gum
26004,gum
26006,gum
26007,gum
26009,gum
26203,half
26222,half
26214,half
26224,half
26215,half
26216,half
26220,half
26221,half
26797,hawaii
26807,hawaii
26799,hawaii
26810,hawaii
26800,hawaii
26801,hawaii
26802,hawaii
26806,hawaii
27312,herself
27321,herself
27322,herself
27313,herself
27314,herself
27315,herself
27316,herself
27319,herself
27444,highway
27451,highway
27452,highway
27456,highway
27445,highway
27446,highway
27448,highway
27450,highway
27788,homework
27793,homework
68073,homework
27790,homework
27789,homework
27801,homework
27796,homework
27881,honor
27883,honor
27874,honor
27875,honor
27876,honor
27879,honor
27880,honor
28581,ice cream
28582,ice cream
28583,ice cream
28584,ice cream
28585,ice cream
28586,ice cream
28588,ice cream
28590,ice cream
28734,if
69375,if
28743,if
28736,if
28747,if
28749,if
28737,if
28739,if
29324,increase
70077,increase
29327,increase
29328,increase
29329,increase
29330,increase
29333,increase
29334,increase
29399,india
29407,india
29408,india
29409,india
29400,india
29402,india
29404,india
29631,information
29641,information
29632,information
29633,information
29634,information
29636,information
29637,information
29638,information
29639,information
30252,interpret
68077,interpret
30271,interpret
30264,interpret
30265,interpret
30268,interpret
30269,interpret
30311,interview
30323,interview
65956,interview
30325,interview
30327,interview
30316,interview
30318,interview
30319,interview
30509,invite
65961,invite
30510,invite
30511,invite
30514,invite
30516,invite
30706,israel
30713,israel
30715,israel
30717,israel
30719,israel
30707,israel
30709,israel
30710,israel
31047,jesus
31049,jesus
31050,jesus
31051,jesus
31052,jesus
31054,jesus
31055,jesus
31057,jesus
31481,keep
31491,keep
31494,keep
65987,keep
31485,keep
31496,keep
31486,keep
31487,keep
31553,keyboard
31554,keyboard
31555,keyboard
31556,keyboard
31557,keyboard
31559,keyboard
31561,keyboard
69382,land
32113,land
32121,land
32122,land
32115,land
32117,land
32118,land
32120,land
32473,lawyer
32474,lawyer
32475,lawyer
32476,lawyer
32478,lawyer
32479,lawyer
32481,lawyer
66020,lead
32541,lead
32543,lead
32535,lead
32547,lead
32537,lead
32538,lead
32539,lead
32858,lesbian
66035,lesbian
32859,lesbian
32860,lesbian
32863,lesbian
32864,lesbian
32865,lesbian
32867,lesbian
69390,line
33335,line
33343,line
33346,line
33337,line
33339,line
33341,line
33677,lock
33704,lock
66080,lock
33696,lock
33697,lock
33698,lock
33701,lock
34086,loud
34095,loud
66087,loud
34087,loud
34088,loud
34089,loud
34091,loud
34093,loud
34109,lousy
66088,lousy
34110,lousy
34111,lousy
34112,lousy
34114,lousy
34115,lousy
34117,lousy
70028,lunch
34272,lunch
34265,lunch
34276,lunch
34266,lunch
34268,lunch
34269,lunch
34271,lunch
34352,machine
66091,machine
34353,machine
34354,machine
34355,machine
34357,machine
34359,machine
34365,mad
34375,mad
34369,mad
34380,mad
34382,mad
34370,mad
34371,mad
35603,memorize
66114,memorize
35604,memorize
35605,memorize
35606,memorize
35607,memorize
35609,memorize
35611,memorize
36228,minus
68101,minus
36239,minus
36231,minus
36241,minus
36232,minus
36235,minus
36236,minus
36238,minus
70023,monday
36635,monday
36637,monday
66136,monday
36630,monday
36631,monday
36632,monday
36633,monday
37013,mountain
37026,mountain
37017,mountain
37018,mountain
37019,mountain
37022,mountain
37024,mountain
37061,mouth
66149,mouth
37062,mouth
37063,mouth
37065,mouth
37066,mouth
37068,mouth
37343,mushroom
37351,mushroom
37352,mushroom
37344,mushroom
37345,mushroom
37346,mushroom
37347,mushroom
37350,mushroom
37610,napkin
66159,napkin
37611,napkin
37612,napkin
37613,napkin
37614,napkin
37616,napkin
37617,napkin
37836,neck
37845,neck
66161,neck
37837,neck
37838,neck
37839,neck
37841,neck
37843,neck
38222,next
38238,next
38239,next
38240,next
38231,next
38243,next
38232,next
38233,next
39343,ocean
69416,ocean
39348,ocean
39349,ocean
39350,ocean
39352,ocean
39353,ocean
39959,open
39951,open
39962,open
39952,open
39953,open
39955,open
39956,open
39957,open
40629,overwhelm
66255,overwhelm
40635,overwhelm
40636,overwhelm
40637,overwhelm
40638,overwhelm
40639,overwhelm
40640,overwhelm
40642,overwhelm
40649,owe
40650,owe
40651,owe
40652,owe
40654,owe
40655,owe
40657,owe
40759,page
40767,page
40770,page
40760,page
40761,page
40764,page
40766,page
40797,pain
40810,pain
40802,pain
40803,pain
40806,pain
40807,pain
40808,pain
41062,parade
41063,parade
41064,parade
41065,parade
41066,parade
41068,parade
41070,parade
41163,parents
41164,parents
41165,parents
41166,parents
41167,parents
41168,parents
41169,parents
41170,parents
42004,perfect
42005,perfect
42006,perfect
42008,perfect
41998,perfect
42001,perfect
42002,perfect
66279,period
42076,period
42080,period
42086,period
42088,period
42089,period
42090,period
42398,philosophy
42403,philosophy
42407,philosophy
66287,philosophy
42410,philosophy
42400,philosophy
42401,philosophy
42469,photographer
42470,photographer
42471,photographer
42472,photographer
42475,photographer
42476,photographer
42478,photographer
42983,place
69432,place
70190,place
42994,place
42987,place
42988,place
42989,place
42992,place
43552,policy
43561,policy
66307,policy
43553,policy
43554,policy
43555,policy
43557,policy
43558,policy
43559,policy
43725,popular
66312,popular
43726,popular
43727,popular
43729,popular
43730,popular
43731,popular
43733,popular
44119,pray
44134,pray
44126,pray
44136,pray
44127,pray
44128,pray
44130,pray
44132,pray
44199,predict
44208,predict
44200,predict
44201,predict
44202,predict
44203,predict
44206,predict
44319,presentation
44329,presentation
44320,presentation
44321,presentation
44322,presentation
44323,presentation
44324,presentation
44325,presentation
44327,presentation
44556,print
69438,print
66332,print
44567,print
44568,print
44570,print
44572,print
44557,printer
44558,printer
44559,printer
44560,printer
44561,printer
44563,printer
44564,printer
44566,printer
44618,private
44633,private
44624,private
44625,private
44626,private
44628,private
44629,private
44631,private
44732,procrastinate
44733,procrastinate
44734,procrastinate
44735,procrastinate
44737,procrastinate
44738,procrastinate
44739,procrastinate
44741,procrastinate
44859,project
44868,project
66338,project
44869,project
44860,project
44862,project
44863,project
44865,project
44866,project
45059,protect
66343,protect
45060,protect
45061,protect
45062,protect
45064,protect
45065,protect
45067,protect
45097,prove
45098,prove
45099,prove
45100,prove
45101,prove
45104,prove
45105,prove
45108,provide
66346,provide
45110,provide
45111,provide
45113,provide
45114,provide
45115,provide
45117,provide
45169,psychology
45180,psychology
45171,psychology
45172,psychology
45173,psychology
45175,psychology
45177,psychology
45178,psychology
45362,punish
66354,punish
45363,punish
45364,punish
45365,punish
45367,punish
45369,punish
45570,puzzled
66359,puzzled
45571,puzzled
45572,puzzled
45574,puzzled
45575,puzzled
45576,puzzled
45577,puzzled
45711,question
69442,question
45723,question
45714,question
45715,question
45719,question
45720,question
45721,question
45739,quick
45749,quick
66363,quick
66364,quick
45742,quick
45743,quick
45746,quick
45747,quick
45966,rainbow
45967,rainbow
45968,rainbow
45969,rainbow
45971,rainbow
45973,rainbow
45975,rainbow
46053,rake
66370,rake
46054,rake
46055,rake
46058,rake
46060,rake
46956,rehearse
46957,rehearse
46958,rehearse
46960,rehearse
46961,rehearse
46962,rehearse
46963,rehearse
46965,rehearse
47236,remove
66390,remove
47237,remove
47238,remove
47239,remove
47240,remove
47242,remove
47244,remove
47857,revenge
47864,revenge
66403,revenge
66402,revenge
47858,revenge
47859,revenge
47862,revenge
47898,review
47902,review
47903,review
47904,review
47905,review
47906,review
47911,review
47913,review
47901,review
48019,rich
48029,rich
48030,rich
48032,rich
48020,rich
48021,rich
48022,rich
48023,rich
48487,roof
70197,roof
48497,roof
48489,roof
48499,roof
48490,roof
48494,roof
48495,roof
48537,rooster
48538,rooster
48539,rooster
48540,rooster
48542,rooster
48543,rooster
48545,rooster
48705,rude
48706,rude
48710,rude
48711,rude
48717,rude
48719,rude
48704,rude
49427,say
69454,say
66429,say
49430,say
49432,say
49433,say
49434,say
49436,say
49643,scientist
49644,scientist
49645,scientist
49646,scientist
49648,scientist
49649,scientist
49651,scientist
49726,scotland
49737,scotland
49727,scotland
49728,scotland
49729,scotland
49730,scotland
49732,scotland
49733,scotland
49803,screwdriver
49810,screwdriver
49814,screwdriver
49804,screwdriver
49805,screwdriver
49806,screwdriver
49807,screwdriver
49809,screwdriver
66439,second
50007,second
50014,second
50006,second
50020,second
50023,second
50316,senate
66444,senate
50317,senate
50318,senate
50319,senate
50321,senate
50322,senate
50324,senate
50427,separate
50439,separate
50441,separate
50432,separate
50443,separate
50433,separate
50436,separate
50437,separate
50546,service
50547,service
50548,service
50549,service
50550,service
50551,service
50553,service
50554,service
50555,service
51398,shrimp
51403,shrimp
51404,shrimp
51406,shrimp
51408,shrimp
51396,shrimp
51397,shrimp
51474,shy
66474,shy
51475,shy
51476,shy
51477,shy
51478,shy
51480,shy
51530,side
51552,side
66477,side
51544,side
51545,side
51548,side
51549,side
51550,side
51932,situation
66489,situation
51933,situation
51934,situation
51935,situation
51937,situation
51938,situation
51939,situation
51940,situation
52287,slave
52288,slave
52289,slave
52290,slave
52291,slave
52293,slave
52294,slave
52296,slave
52937,soccer
52947,soccer
66523,soccer
52940,soccer
52941,soccer
52943,soccer
52944,soccer
52945,soccer
66527,socks
53022,socks
53013,socks
53014,socks
53015,socks
53016,socks
53017,socks
53152,solid
66528,solid
53153,solid
53154,solid
53155,solid
53157,solid
53158,solid
53160,solid
53239,sometimes
70035,sometimes
53240,sometimes
53241,sometimes
53242,sometimes
53243,sometimes
53245,sometimes
53247,sometimes
53824,spider
66546,spider
53825,spider
53826,spider
53827,spider
53829,spider
53831,spider
53872,spin
53881,spin
53882,spin
53873,spin
53874,spin
53875,spin
53876,spin
53878,spin
53879,spin
54168,square
54178,square
54170,square
54180,square
54172,square
54173,square
54176,square
54177,square
66552,stairs
54302,stairs
54304,stairs
54296,stairs
54297,stairs
54298,stairs
54300,stairs
54419,stare
54433,stare
54424,stare
54425,stare
54426,stare
54427,stare
54428,stare
54431,stare
54454,start
68161,start
54457,start
54458,start
54461,start
54462,start
54464,start
69489,store
54955,store
54963,store
54965,store
54966,store
54956,store
54957,store
54962,store
55101,straw
55126,straw
55117,straw
55118,straw
55119,straw
55120,straw
55122,straw
55123,straw
55287,structure
55296,structure
55288,structure
55289,structure
55290,structure
55291,structure
55292,structure
55294,structure
55295,structure
55669,suggest
55670,suggest
55671,suggest
55672,suggest
55673,suggest
55675,suggest
55676,suggest
55678,suggest
55810,sun
55803,sun
55814,sun
55804,sun
55805,sun
55806,sun
55808,sun
55970,support
55976,support
55977,support
55978,support
55979,support
55981,support
55982,support
55984,support
55993,suppose
69497,suppose
70120,suppose
55996,suppose
55999,suppose
56000,suppose
56001,suppose
56003,suppose
56025,sure
56038,sure
56029,sure
56030,sure
56031,sure
56035,sure
56036,sure
56099,surprise
66583,surprise
56105,surprise
56106,surprise
56107,surprise
56108,surprise
56109,surprise
56111,surprise
56254,sweater
66584,sweater
56247,sweater
56248,sweater
56249,sweater
56251,sweater
56252,sweater
56340,swim
70178,swim
56341,swim
56343,swim
56344,swim
56346,swim
56348,swim
56460,symbol
56468,symbol
56469,symbol
56471,symbol
56461,symbol
56462,symbol
56463,symbol
56464,symbol
56465,symbol
56969,taste
56970,taste
56971,taste
56972,taste
56973,taste
56975,taste
56978,taste
57089,team
57099,team
57090,team
57091,team
57092,team
57093,team
57096,team
57097,team
57235,telephone
57236,telephone
57237,telephone
57238,telephone
57239,telephone
57241,telephone
57243,telephone
57408,tennis
57410,tennis
57411,tennis
57412,tennis
57413,tennis
57415,tennis
57417,tennis
57724,their
57725,their
57726,their
57728,their
57729,their
57730,their
57731,their
57732,their
57769,then
66602,then
57771,then
57772,then
57774,then
57775,then
57777,then
57837,thermometer
57849,thermometer
57850,thermometer
57840,thermometer
57842,thermometer
57843,thermometer
57921,thing
69504,thing
66608,thing
57922,thing
57923,thing
57925,thing
57926,thing
57928,thing
58000,third
58013,third
58014,third
66614,third
58016,third
58006,third
58008,third
58009,third
58131,thousand
66629,thousand
58132,thousand
58133,thousand
58136,thousand
58137,thousand
58139,thousand
69508,three
66630,three
58182,three
58183,three
58185,three
58186,three
58188,three
66642,tie
68169,tie
58430,tie
58434,tie
58435,tie
58439,tie
58427,tie
58428,tie
58945,topic
66659,topic
58946,topic
58947,topic
58948,topic
58949,topic
58951,topic
58953,topic
59044,touch
70327,touch
59051,touch
59052,touch
59053,touch
59055,touch
59056,touch
59058,touch
59102,tournament
59103,tournament
59104,tournament
59105,tournament
59106,tournament
59107,tournament
59108,tournament
59110,tournament
59847,try
59854,try
66680,try
66681,try
59848,try
59849,try
59851,try
69521,two
60220,two
60221,two
60224,two
60225,two
60227,two
60304,type
60305,type
60308,type
60309,type
60310,type
60312,type
60378,umbrella
66699,umbrella
60379,umbrella
60380,umbrella
60381,umbrella
60383,umbrella
60385,umbrella
61364,vegetable
66720,vegetable
61365,vegetable
61368,vegetable
61370,vegetable
61371,vegetable
61878,vocabulary
61886,vocabulary
61887,vocabulary
66735,vocabulary
61889,vocabulary
61879,vocabulary
61881,vocabulary
61882,vocabulary
62422,waste
62430,waste
66750,waste
62423,waste
62424,waste
62427,waste
62428,waste
62583,we
69527,we
66755,we
62774,we
62775,we
62776,we
62778,we
62780,we
62607,wear
62622,wear
66756,wear
62614,wear
62615,wear
62618,wear
62619,wear
62753,weekly
62754,weekly
62756,weekly
62757,weekly
62758,weekly
62759,weekly
62761,weekly
62826,welcome
62837,welcome
66763,welcome
66764,welcome
62829,welcome
62833,welcome
62834,welcome
62835,welcome
63494,winter
63504,winter
63495,winter
63496,winter
63497,winter
63499,winter
63502,winter
63605,without
63615,without
66796,without
63607,without
63608,without
63609,without
63610,without
63612,without
63613,without
63650,wolf
66797,wolf
63653,wolf
63654,wolf
63656,wolf
63657,wolf
63659,wolf
69541,worm
66808,worm
63850,worm
63851,worm
63853,worm
63854,worm
63856,worm
64041,wristwatch
66814,wristwatch
64042,wristwatch
64043,wristwatch
64044,wristwatch
64046,wristwatch
64047,wristwatch
64048,wristwatch
64444,yourself
64451,yourself
64455,yourself
64456,yourself
64445,yourself
64446,yourself
64447,yourself
64448,yourself
00429,above
70167,above
65004,above
00430,above
00431,above
00433,above
00435,above
00662,accomplish
65010,accomplish
00663,accomplish
00664,accomplish
00666,accomplish
00668,accomplish
01149,adopt
65022,adopt
01157,adopt
01158,adopt
01159,adopt
01160,adopt
01162,adopt
01242,advantage
65025,advantage
01252,advantage
01244,advantage
01245,advantage
02143,alphabet
02151,alphabet
65058,alphabet
02145,alphabet
02149,alphabet
02607,anniversary
02609,anniversary
02610,anniversary
02611,anniversary
02614,anniversary
02616,anniversary
02696,another
02706,another
02697,another
02698,another
02699,another
02701,another
02702,another
03100,appropriate
03101,appropriate
03102,appropriate
03103,appropriate
03105,appropriate
03106,appropriate
03108,appropriate
70258,arrogant
03457,arrogant
03448,arrogant
03449,arrogant
03450,arrogant
03451,arrogant
03454,arrogant
03455,arrogant
03514,artist
03515,artist
03516,artist
03517,artist
03519,artist
03520,artist
03522,artist
04579,background
04587,background
65122,background
04590,background
04580,background
04581,background
04582,background
05667,bee
05688,bee
65165,bee
05680,bee
05681,bee
05682,bee
05685,bee
05686,bee
05792,behavior
70116,behavior
05793,behavior
05794,behavior
05796,behavior
05797,behavior
05798,behavior
05869,bell
05873,bell
05874,bell
05875,bell
05877,bell
05878,bell
05881,bell
06346,birth
06379,birth
65189,birth
65190,birth
06372,birth
06373,birth
06375,birth
06622,bless
65206,bless
06625,bless
06626,bless
06628,bless
06629,bless
06631,bless
06723,blood
65212,blood
06733,blood
06734,blood
06736,blood
06738,blood
65226,boots
07163,boots
07173,boots
07574,brave
65251,brave
07575,brave
07576,brave
07578,brave
07580,brave
65256,breathe
07676,breathe
07677,breathe
07678,breathe
07680,breathe
07682,breathe
07779,bright
07787,bright
07791,bright
07780,bright
07781,bright
07782,bright
08166,bull
08167,bull
08168,bull
08170,bull
08171,bull
08172,bull
08174,bull
08441,butterfly
65280,butterfly
08442,butterfly
08443,butterfly
08445,butterfly
08447,butterfly
65304,card
09130,card
09131,card
09137,card
09138,card
09126,card
09127,card
09128,card
09487,category
09488,category
09489,category
09490,category
09493,category
09495,category
09517,catholic
65316,catholic
09518,catholic
09519,catholic
09521,catholic
09523,catholic
65323,cent
09735,cent
09736,cent
09737,cent
09740,cent
09742,cent
10305,chemistry
10308,chemistry
10309,chemistry
10310,chemistry
10311,chemistry
10313,chemistry
10315,chemistry
10335,cherry
65347,cherry
10337,cherry
10339,cherry
10340,cherry
10343,cherry
10344,cherry
10514,china
10524,china
10516,china
10526,china
10517,china
10520,china
65355,chop
10652,chop
10645,chop
10656,chop
10646,chop
10647,chop
10648,chop
10685,christian
65356,christian
10686,christian
10687,christian
10688,christian
10689,christian
10692,christian
10693,christian
65359,cigarette
10786,cigarette
10787,cigarette
10789,cigarette
10790,cigarette
10792,cigarette
11087,clever
11088,clever
11089,clever
11091,clever
11093,clever
11094,clever
11096,clever
11376,clown
65372,clown
11379,clown
11380,clown
11382,clown
11384,clown
11436,coach
11437,coach
11438,coach
11439,coach
11441,coach
11442,coach
11444,coach
69271,coat
11470,coat
70251,coat
11471,coat
11473,coat
11474,coat
11476,coat
11497,cochlear implant
65373,cochlear implant
11498,cochlear implant
11499,cochlear implant
11500,cochlear implant
11501,cochlear implant
11503,cochlear implant
11504,cochlear implant
65374,coconut
11527,coconut
11528,coconut
11529,coconut
11532,coconut
11534,coconut
12011,common
69276,common
12013,common
12014,common
12016,common
12017,common
12020,common
12071,commute
12072,commute
12073,commute
12074,commute
12076,commute
12077,commute
12079,commute
13040,control
13042,control
13043,control
13044,control
13046,control
13047,control
13049,control
13513,count
65413,count
13530,count
13531,count
13532,count
13534,count
13536,count
14253,culture
14261,culture
65428,culture
14263,culture
14265,culture
14267,culture
14254,culture
65433,daily
14577,daily
14578,daily
14580,daily
14581,daily
14582,daily
14584,daily
15209,defend
70161,defend
15213,defend
15214,defend
15215,defend
15217,defend
15219,defend
15292,degree
65454,degree
15302,degree
15293,degree
15294,degree
15296,degree
15297,degree
15473,demonstrate
15474,demonstrate
15475,demonstrate
15476,demonstrate
15477,demonstrate
15479,demonstrate
15481,demonstrate
15576,department
15584,department
15585,department
65464,department
15577,department
15578,department
16155,die
16168,die
65479,die
16161,die
16164,die
16165,die
16225,dig
16231,dig
16241,dig
16233,dig
16235,dig
16238,dig
16330,dinner
16322,dinner
16323,dinner
16324,dinner
16325,dinner
16327,dinner
16328,dinner
16332,dinosaur
65483,dinosaur
16342,dinosaur
16333,dinosaur
16334,dinosaur
16335,dinosaur
16336,dinosaur
16337,dinosaur
16350,diploma
16351,diploma
16352,diploma
16354,diploma
16355,diploma
16358,diploma
16382,director
65484,director
16383,director
16384,director
16386,director
16387,director
16388,director
65489,disconnect
65488,disconnect
16525,disconnect
16526,disconnect
16527,disconnect
16528,disconnect
16530,disconnect
16531,disconnect
16560,discover
16561,discover
16562,discover
16563,discover
16564,discover
16567,discover
16569,discover
65518,don't want
17298,don't want
17300,don't want
68037,don't want
17301,don't want
17302,don't want
17306,don't want
17895,drum
69303,drum
65547,drum
17896,drum
17897,drum
17900,drum
18108,each
18118,each
18109,each
18110,each
18113,each
18115,each
18116,each
18413,educate
18415,educate
18416,educate
18417,educate
18419,educate
18420,educate
18422,educate
18719,electrician
65618,electrician
18720,electrician
18723,electrician
18724,electrician
18726,electrician
19044,empty
19057,empty
65627,empty
19049,empty
19051,empty
19054,empty
19055,empty
19218,england
19226,england
19227,england
19229,england
19219,england
19223,england
19224,england
19611,establish
19614,establish
19615,establish
19616,establish
19619,establish
19620,establish
19622,establish
20197,excuse
65656,excuse
20198,excuse
20201,excuse
20202,excuse
20621,eyeglasses
20629,eyeglasses
20631,eyeglasses
20622,eyeglasses
20623,eyeglasses
20765,faculty
65671,faculty
20766,faculty
20767,faculty
20768,faculty
20770,faculty
20771,faculty
20922,fall in love
20923,fall in love
20924,fall in love
20925,fall in love
20928,fall in love
20930,fall in love
20931,fall in love
21008,famous
65678,famous
21009,famous
21010,famous
21011,famous
21013,famous
21015,famous
69317,farm
21100,farm
21101,farm
21103,farm
21104,farm
65685,farm
21106,farm
21096,farm
21099,farm
21486,fence
65699,fence
21496,fence
21487,fence
21488,fence
21489,fence
21491,fence
21492,fence
69327,fix
22247,fix
22238,fix
22251,fix
22239,fix
22240,fix
22408,flexible
22409,flexible
22410,flexible
22411,flexible
22412,flexible
22413,flexible
22415,flexible
22416,flexible
22453,flirt
65744,flirt
22455,flirt
22456,flirt
22457,flirt
22459,flirt
22460,flirt
22462,flirt
22479,flood
22489,flood
22481,flood
22483,flood
22485,flood
22486,flood
22487,flood
23002,fork
70319,fork
65762,fork
23005,fork
23006,fork
23009,fork
69333,four
65768,four
23199,four
23200,four
23202,four
23204,four
23799,fun
69338,fun
23859,fun
65793,fun
23851,fun
23852,fun
23853,fun
23857,fun
23838,funeral
23840,funeral
23841,funeral
23842,funeral
23844,funeral
23845,funeral
23847,funeral
23900,furniture
70044,furniture
23907,furniture
23909,furniture
23913,furniture
23902,furniture
23986,gallaudet
65799,gallaudet
23987,gallaudet
23990,gallaudet
23991,gallaudet
23993,gallaudet
24249,general
24258,general
24259,general
24250,general
24251,general
24253,general
24256,general
24514,ghost
65815,ghost
24515,ghost
24516,ghost
24518,ghost
24519,ghost
24520,ghost
24522,ghost
24679,give up
65820,give up
24680,give up
24681,give up
24682,give up
24685,give up
24687,give up
69344,glass
65821,glass
24741,glass
24734,glass
24744,glass
24746,glass
24735,glass
24736,glass
25166,gorilla
25174,gorilla
65838,gorilla
25167,gorilla
25168,gorilla
25171,gorilla
25568,gray
70248,gray
25578,gray
65852,gray
25570,gray
25572,gray
25573,gray
25576,gray
25939,guide
25941,guide
25942,guide
25945,guide
25946,guide
25948,guide
26079,habit
26082,habit
26083,habit
26086,habit
26087,habit
26089,habit
26906,health
26914,health
26915,health
26916,health
26917,health
26919,health
26921,health
26958,hearing aid
65885,hearing aid
26959,hearing aid
26960,hearing aid
26962,hearing aid
26965,hearing aid
27085,heaven
65887,heaven
27087,heaven
27078,heaven
27079,heaven
27082,heaven
27093,heavy
27095,heavy
27096,heavy
27097,heavy
27099,heavy
27100,heavy
27102,heavy
27185,helmet
27186,helmet
27187,helmet
27188,helmet
27190,helmet
27192,helmet
27375,hide
27376,hide
27377,hide
27379,hide
27380,hide
27382,hide
27432,high school
27436,high school
27434,high school
27439,high school
27441,high school
65895,hockey
27633,hockey
27634,hockey
27635,hockey
27637,hockey
27638,hockey
27662,hold
27665,hold
27666,hold
27659,hold
27670,hold
27672,hold
27661,hold
27821,honest
27823,honest
27824,honest
27826,honest
27827,honest
27829,honest
28248,hug
65909,hug
28260,hug
28261,hug
28263,hug
28267,hug
28386,hunt
28397,hunt
65912,hunt
28389,hunt
28394,hunt
28395,hunt
28875,image
28886,image
28876,image
28877,image
28878,image
28881,image
65939,influence
29614,influence
29615,influence
29616,influence
29619,influence
29621,influence
30169,interesting
30180,interesting
30170,interesting
30171,interesting
30172,interesting
30173,interesting
30175,interesting
30256,interpreter
65954,interpreter
30257,interpreter
30258,interpreter
30260,interpreter
30261,interpreter
30262,interpreter
30559,iran
30560,iran
30561,iran
30562,iran
30563,iran
30565,iran
30566,iran
30567,iran
30748,italy
30752,italy
65969,italy
30755,italy
30745,italy
30746,italy
31092,jewish
65979,jewish
31093,jewish
31094,jewish
31095,jewish
31096,jewish
31097,jewish
31251,judge
31260,judge
31261,judge
31264,judge
31252,judge
31253,judge
65989,key
31572,key
31564,key
31565,key
31566,key
31569,key
31975,label
31984,label
66006,label
31976,label
31978,label
31979,label
31981,label
32552,leaf
69384,leaf
66021,leaf
32554,leaf
32555,leaf
32557,leaf
32559,leaf
32725,left
32728,left
32729,left
32730,left
32735,left
32722,left
32822,lend
66034,lend
32824,lend
32825,lend
32827,lend
32828,lend
32830,lend
32869,less
69386,less
32877,less
32878,less
32881,less
32882,less
32884,less
33373,linguistics
66073,linguistics
33374,linguistics
33375,linguistics
33376,linguistics
33377,linguistics
33379,linguistics
33380,linguistics
33765,lonely
66081,lonely
33766,lonely
33767,lonely
33768,lonely
33770,lonely
33771,lonely
33804,long
33805,long
33806,long
33808,long
33809,long
33810,long
33812,long
34396,magic
66092,magic
34397,magic
34398,magic
34400,magic
34402,magic
34508,mainstream
70208,mainstream
34510,mainstream
34511,mainstream
34512,mainstream
34514,mainstream
34516,mainstream
34543,major
68097,major
34544,major
34545,major
34547,major
34548,major
34550,major
34698,manager
34708,manager
34699,manager
34701,manager
34702,manager
34703,manager
34705,manager
35207,maximum
35209,maximum
35210,maximum
35211,maximum
35212,maximum
35214,maximum
35216,maximum
35267,me
35544,me
35545,me
35546,me
35548,me
35549,me
35885,mexico
66119,mexico
35890,mexico
35891,mexico
35893,mexico
35881,mexico
35884,mexico
35962,middle
35974,middle
66122,middle
35965,middle
35966,middle
35968,middle
35969,middle
35972,middle
66123,mind
36118,mind
36119,mind
36121,mind
36122,mind
36124,mind
36413,misunderstand
36422,misunderstand
36414,misunderstand
36416,misunderstand
36419,misunderstand
36420,misunderstand
36712,monster
36713,monster
36714,monster
36715,monster
36717,monster
36718,monster
36720,monster
37266,multiply
37276,multiply
37278,multiply
37267,multiply
37268,multiply
37269,multiply
37270,multiply
37273,multiply
37483,myself
37484,myself
37485,myself
37488,myself
37489,myself
37490,myself
38828,nothing
38849,nothing
66192,nothing
38830,nothing
38841,nothing
38842,nothing
38844,nothing
39359,october
39360,october
39361,october
39362,october
39364,october
39365,october
39366,october
39368,october
39377,odd
39378,odd
39379,odd
39382,odd
39383,odd
39385,odd
39424,offer
39425,offer
39426,offer
39427,offer
39428,offer
39430,offer
39432,offer
39672,on
69420,on
70169,on
39839,on
39840,on
39841,on
39845,on
39873,only
39874,only
39875,only
39877,only
39878,only
39879,only
39881,only
40049,opposite
70183,opposite
40050,opposite
40051,opposite
40052,opposite
40054,opposite
40055,opposite
40056,opposite
70053,out
40403,out
40406,out
40407,out
40409,out
40397,out
40398,out
40399,out
40576,overlook
66253,overlook
40577,overlook
40578,overlook
40579,overlook
40581,overlook
40582,overlook
40583,overlook
41477,path
41480,path
41481,path
41482,path
41483,path
41485,path
41487,path
41970,percent
41976,percent
41977,percent
41979,percent
41980,percent
41982,percent
42551,physics
42552,physics
42553,physics
42554,physics
42555,physics
42557,physics
42558,physics
42560,physics
42564,piano
42565,piano
42566,piano
42567,piano
42569,piano
42571,piano
42577,pick
42591,pick
66291,pick
42585,pick
42597,pick
42588,pick
42589,pick
42662,pie
42671,pie
42672,pie
42673,pie
42675,pie
42677,pie
43110,plate
66299,plate
43113,plate
43124,plate
43114,plate
43117,plate
43118,plate
43375,pocket
43380,pocket
43381,pocket
43382,pocket
43384,pocket
43385,pocket
43386,pocket
43388,pocket
43695,popcorn
43697,popcorn
43698,popcorn
43700,popcorn
43701,popcorn
43703,popcorn
43808,positive
70365,positive
66313,positive
43809,positive
43810,positive
43812,positive
43814,positive
44232,pregnant
44242,pregnant
44233,pregnant
44234,pregnant
44235,pregnant
44237,pregnant
44239,pregnant
44440,prevent
44441,prevent
44442,prevent
44443,prevent
44445,prevent
44446,prevent
44448,prevent
66341,proof
44949,proof
44950,proof
44951,proof
44953,proof
44954,proof
44956,proof
45323,pumpkin
66352,pumpkin
45324,pumpkin
45325,pumpkin
45327,pumpkin
45328,pumpkin
45330,pumpkin
45447,purpose
45448,purpose
45449,purpose
45450,purpose
45451,purpose
45453,purpose
45455,purpose
45864,race
45865,race
45866,race
45867,race
45870,race
45871,race
45873,race
46326,realize
70354,realize
46336,realize
46327,realize
46330,realize
46333,realize
46334,realize
46587,recognize
46588,recognize
46589,recognize
46590,recognize
46592,recognize
46594,recognize
46596,recognize
46862,refuse
66381,refuse
46863,refuse
46864,refuse
46865,refuse
46867,refuse
46870,refuse
47037,relationship
66384,relationship
47038,relationship
47039,relationship
47040,relationship
47042,relationship
47043,relationship
47295,repeat
47300,repeat
47301,repeat
47302,repeat
47305,repeat
47307,repeat
47329,replace
70126,replace
66392,replace
47332,replace
47333,replace
47335,replace
47337,replace
47348,report
47357,report
47358,report
47362,report
47363,report
47364,report
47371,represent
47380,represent
47381,represent
47382,represent
47383,represent
47384,represent
47385,represent
47387,represent
47449,request
47450,request
47451,request
47453,request
47454,request
47455,request
47457,request
47638,responsibility
66397,responsibility
47640,responsibility
47641,responsibility
47642,responsibility
47643,responsibility
47644,responsibility
47729,result
47738,result
66399,result
47731,result
47732,result
47733,result
47734,result
47736,result
47837,reveal
47846,reveal
47847,reveal
47851,reveal
47840,reveal
47841,reveal
48159,ring
48163,ring
48166,ring
48170,ring
48175,ring
48160,ring
48304,rob
48334,rob
48325,rob
48336,rob
48327,rob
48328,rob
48329,rob
48330,rob
48331,rob
48378,rock
66411,rock
48371,rock
48373,rock
48374,rock
48376,rock
48403,role
66412,role
48404,role
48405,role
48406,role
48408,role
48409,role
48411,role
48556,rope
48557,rope
48558,rope
48560,rope
48561,rope
48563,rope
48885,rush
48890,rush
48891,rush
48893,rush
48894,rush
48895,rush
48897,rush
49148,salute
49149,salute
49150,salute
49152,salute
49153,salute
49154,salute
49156,salute
49317,satisfy
66427,satisfy
49318,satisfy
49319,satisfy
49320,satisfy
49321,satisfy
49322,satisfy
49324,satisfy
49931,search
49941,search
49933,search
49934,search
49936,search
49937,search
49938,search
49939,search
50243,selfish
50244,selfish
50245,selfish
50246,selfish
50249,selfish
50250,selfish
50252,selfish
50397,sensitive
66447,sensitive
50398,sensitive
50399,sensitive
50402,sensitive
50403,sensitive
50405,sensitive
50528,serve
50537,serve
66449,serve
50529,serve
50532,serve
50534,serve
50535,serve
69463,seven
66453,seven
50617,seven
50618,seven
50620,seven
50621,seven
50623,seven
50825,shampoo
50826,shampoo
50827,shampoo
50828,shampoo
50830,shampoo
50832,shampoo
50918,she
69466,she
50948,she
50949,she
50951,she
50952,she
50954,she
50956,shelf
69467,shelf
50957,shelf
50958,shelf
50960,shelf
50961,shelf
50964,shelf
51197,shopping
70072,shopping
51198,shopping
51199,shopping
51201,shopping
51202,shopping
51203,shopping
51657,sign language
51665,sign language
51667,sign language
51658,sign language
51660,sign language
51662,sign language
51664,sign language
51738,similar
51728,similar
51729,similar
51730,similar
51731,similar
51734,similar
51787,sing
51810,sing
51803,sing
51804,sing
51806,sing
51807,sing
69474,six
66490,six
51954,six
51955,six
51957,six
51958,six
51960,six
52081,skeleton
52082,skeleton
52083,skeleton
52086,skeleton
52087,skeleton
52089,skeleton
52102,sketch
52103,sketch
52104,sketch
52105,sketch
52107,sketch
52108,sketch
52110,sketch
52137,skill
66502,skill
52143,skill
52144,skill
52147,skill
52149,skill
52344,sleepy
70289,sleepy
52354,sleepy
52345,sleepy
52348,sleepy
52349,sleepy
52350,sleepy
66507,slip
52430,slip
52441,slip
52442,slip
52434,slip
52435,slip
52602,smell
66510,smell
52603,smell
52604,smell
52606,smell
52609,smell
52763,sneeze
52764,sneeze
52765,sneeze
52767,sneeze
52768,sneeze
52770,sneeze
52792,snob
52796,snob
52797,snob
52798,snob
52799,snob
52800,snob
52802,snob
53664,specific
53667,specific
53668,specific
53670,specific
53671,specific
53672,specific
53673,specific
53675,specific
54341,stamp
54347,stamp
54348,stamp
54349,stamp
54350,stamp
54351,stamp
54343,stamp
54607,steel
54609,steel
54610,steel
54612,steel
54613,steel
54614,steel
54616,steel
69492,strawberry
55111,strawberry
66567,strawberry
66568,strawberry
55114,strawberry
55105,strawberry
55106,strawberry
55110,strawberry
66577,subtract
55533,subtract
55534,subtract
55535,subtract
55536,subtract
55539,subtract
55552,subway
55553,subway
55554,subway
55555,subway
55557,subway
55558,subway
55560,subway
55633,suffer
55636,suffer
55637,suffer
55638,suffer
55640,suffer
55642,suffer
55644,suffer
56046,surface
56047,surface
56048,surface
56049,surface
56051,surface
56052,surface
56054,surface
56288,sweep
56290,sweep
56281,sweep
56282,sweep
56284,sweep
56285,sweep
56286,sweep
56387,swing
56388,swing
56390,swing
56391,swing
56394,swing
56422,switzerland
56423,switzerland
56424,switzerland
56425,switzerland
56426,switzerland
56427,switzerland
56429,switzerland
56430,switzerland
56779,tale
56780,tale
56782,tale
56783,tale
56784,tale
56785,tale
56787,tale
56870,tan
56874,tan
56875,tan
56876,tan
56878,tan
56879,tan
56881,tan
57203,teeth
57205,teeth
57206,teeth
57208,teeth
57211,teeth
57482,terrible
57492,terrible
57483,terrible
57484,terrible
57486,terrible
57487,terrible
57489,terrible
57611,thankful
57612,thankful
57613,thankful
57617,thankful
57618,thankful
57619,thankful
57873,they
57883,they
57874,they
57875,they
57876,they
57880,they
57881,they
58273,through
58274,through
58275,through
58276,through
58278,through
58279,through
58281,through
58574,tiptoe
58575,tiptoe
58579,tiptoe
58580,tiptoe
58582,tiptoe
58619,title
66650,title
58620,title
58621,title
58623,title
58624,title
58626,title
58886,tooth
58908,tooth
58909,tooth
58910,tooth
58911,tooth
58913,tooth
58915,tooth
58893,toothbrush
58897,toothbrush
66657,toothbrush
58895,toothbrush
58899,toothbrush
58902,toothbrush
59028,total
59032,total
59033,total
59034,total
59037,total
59039,total
59070,tough
59079,tough
59080,tough
59082,tough
59071,tough
59072,tough
59073,tough
59225,tradition
59234,tradition
66663,tradition
59237,tradition
59228,tradition
59229,tradition
59233,tradition
59722,trophy
59723,trophy
59724,trophy
59725,trophy
59727,trophy
59729,trophy
59734,trouble
59741,trouble
59742,trouble
66676,trouble
59744,trouble
59735,trouble
59736,trouble
59783,true
59791,true
59792,true
59793,true
59795,true
59797,true
59827,trust
59829,trust
59830,trust
59831,trust
59833,trust
59834,trust
59836,trust
60500,under
70168,under
60527,under
60520,under
60531,under
60521,under
60522,under
61439,verb
61442,verb
61443,verb
61444,verb
61447,verb
61449,verb
62187,wall
66744,wall
62196,wall
62197,wall
62199,wall
62200,wall
62203,wall
62515,watermelon
62516,watermelon
62517,watermelon
62519,watermelon
62521,watermelon
62522,watermelon
62524,watermelon
62569,way
62577,way
62570,way
62571,way
62572,way
62575,way
62817,weird
66762,weird
62818,weird
62819,weird
62821,weird
62822,weird
62824,weird
63116,while
66776,while
63119,while
63120,while
63122,while
63124,while
63126,while
63308,wide
66783,wide
63310,wide
63311,wide
63312,wide
63314,wide
63316,wide
63376,willing
66788,willing
63377,willing
63378,willing
63380,willing
63381,willing
63382,willing
63383,willing
63555,wish
69538,wish
63556,wish
63560,wish
63561,wish
63563,wish
63688,wonderful
70112,wonderful
66801,wonderful
63689,wonderful
63690,wonderful
63691,wonderful
63693,wonderful
63694,wonderful
63820,workshop
66806,workshop
63821,workshop
63822,workshop
63824,workshop
63825,workshop
63827,workshop
63884,worse
66811,worse
63885,worse
63886,worse
63887,worse
63889,worse
63891,worse
64000,wrench
64013,wrench
64001,wrench
64003,wrench
00295,a
66039,a
01610,a
01611,a
01612,a
01613,a
01615,a
02123,a lot
02128,a lot
02124,a lot
02129,a lot
02125,a lot
02130,a lot
02126,a lot
02131,a lot
00333,abdomen
00335,abdomen
00336,abdomen
00338,abdomen
00339,abdomen
00341,abdomen
00374,able
00376,able
00377,able
00381,able
00382,able
00384,able
65011,accountant
00689,accountant
00690,accountant
00692,accountant
00694,accountant
65015,action
00853,action
00854,action
00855,action
00856,action
00857,action
00858,action
00867,active
00868,active
00869,active
00871,active
00872,active
00873,active
00874,active
00886,activity
65016,activity
00890,activity
00891,activity
00892,activity
00894,activity
01011,address
01018,address
01020,address
01024,address
01012,address
01318,affect
01319,affect
01320,affect
01321,affect
01323,affect
01327,affect
01372,afraid
01373,afraid
01374,afraid
01376,afraid
01377,afraid
01379,afraid
01381,afraid
01472,against
65033,against
01473,against
01474,against
01477,against
01479,against
01504,agenda
01513,agenda
01515,agenda
01505,agenda
01506,agenda
01507,agenda
01596,ahead
01598,ahead
01599,ahead
01602,ahead
01603,ahead
01605,ahead
01642,aim
01652,aim
01653,aim
01643,aim
01646,aim
01828,alcohol
01831,alcohol
01832,alcohol
01836,alcohol
01837,alcohol
01839,alcohol
01873,algebra
01874,algebra
01875,algebra
01876,algebra
01878,algebra
01880,algebra
01921,all day
01922,all day
01923,all day
01924,all day
01926,all day
01927,all day
65063,amazing
02273,amazing
02276,amazing
02269,amazing
02284,amazing
02285,amazing
02556,angle
69210,angle
02558,angle
02559,angle
02560,angle
02561,angle
02563,angle
02863,apart
65081,apart
02864,apart
02865,apart
02867,apart
02870,apart
65082,apostrophe
02910,apostrophe
02911,apostrophe
02912,apostrophe
02913,apostrophe
02915,apostrophe
02968,appetite
02969,appetite
02970,appetite
02971,appetite
02973,appetite
02975,appetite
03067,appreciate
03068,appreciate
03069,appreciate
03070,appreciate
03073,appreciate
03074,appreciate
03150,april
03154,april
03155,april
03156,april
03158,april
03159,april
03161,april
03199,archery
03201,archery
03202,archery
03204,archery
03205,archery
03207,archery
03382,around
03385,around
03389,around
03376,around
03377,around
03378,around
03489,article
65098,article
03490,article
03491,article
03493,article
03494,article
03752,assistant
03756,assistant
03757,assistant
03758,assistant
03761,assistant
03762,assistant
03763,assistant
03992,attend
03999,attend
04000,attend
04002,attend
04003,attend
04005,attend
04007,attend
04097,auction
04099,auction
04101,auction
04102,auction
04104,auction
04106,auction
04225,authority
04226,authority
04227,authority
04228,authority
04230,authority
04232,authority
04323,average
04324,average
04325,average
04326,average
04330,average
04332,average
04354,awake
65116,awake
04355,awake
04356,awake
04358,awake
04361,awake
66040,b
06120,b
04466,b
06121,b
04467,b
06122,b
06124,b
04530,babysitter
04531,babysitter
04532,babysitter
04533,babysitter
04534,babysitter
04535,babysitter
04537,babysitter
05366,battle
05368,battle
05369,battle
05372,battle
05374,battle
05776,beginning
05778,beginning
05779,beginning
05780,beginning
05781,beginning
05782,beginning
05783,beginning
05784,beginning
05844,belief
05845,belief
05846,belief
05847,belief
05848,belief
05849,belief
05851,belief
06146,bible
06137,bible
06138,bible
06140,bible
06143,bible
06144,bible
06214,bike
68008,bike
06215,bike
06216,bike
06218,bike
06602,blend
06613,blend
06614,blend
06615,blend
06618,blend
06620,blend
07032,bone
65224,bone
07033,bone
07036,bone
07038,bone
07467,bra
65246,bra
07499,bra
07500,bra
07502,bra
07765,brief
07766,brief
07767,brief
07769,brief
07770,brief
07772,brief
07872,broke
07879,broke
07883,broke
07886,broke
07873,broke
07875,broke
65267,bug
08114,bug
08107,bug
08111,bug
08112,bug
08179,bully
08180,bully
08182,bully
08183,bully
08185,bully
08187,bully
08467,button
65281,button
08468,button
08470,button
08472,button
08474,button
08532,cabbage
08533,cabbage
08535,cabbage
08536,cabbage
08538,cabbage
70081,cabinet
08543,cabinet
08544,cabinet
08545,cabinet
08546,cabinet
08547,cabinet
08624,calculate
08625,calculate
08626,calculate
08627,calculate
08628,calculate
08631,calculate
08633,calculate
08634,calculator
08635,calculator
08636,calculator
08637,calculator
08639,calculator
08641,calculator
08642,calculus
08643,calculus
08644,calculus
08645,calculus
08647,calculus
08649,calculus
65293,camping
08824,camping
08825,camping
08827,camping
08828,camping
08830,camping
08978,canoe
08979,canoe
08980,canoe
08983,canoe
08985,canoe
09215,careless
70201,careless
09216,careless
09220,careless
09222,careless
09620,ceiling
65320,ceiling
09625,ceiling
09626,ceiling
09627,ceiling
09628,ceiling
09631,ceiling
09710,cemetery
65322,cemetery
09712,cemetery
09713,cemetery
09715,cemetery
09716,cemetery
09717,cemetery
10004,chapter
69266,chapter
10005,chapter
10007,chapter
10008,chapter
10013,chapter
10599,choir
10600,choir
10601,choir
10602,choir
10605,choir
10607,choir
10810,circle
10820,circle
65360,circle
10813,circle
10814,circle
10817,circle
11839,come
69275,come
11884,come
11876,come
11877,come
11878,come
11882,come
11862,come here
11872,come here
11863,come here
11864,come here
11865,come here
11866,come here
11867,come here
12099,company
12107,company
12109,company
12100,company
12101,company
12104,company
12217,complete
12221,complete
12210,complete
12211,complete
12212,complete
12400,concept
12408,concept
65392,concept
12402,concept
12403,concept
12411,concern
65393,concern
12415,concern
12416,concern
12418,concern
12419,concern
12421,concern
12602,confront
12603,confront
12604,confront
12605,confront
12606,confront
12609,confront
65395,confused
65396,confused
12612,confused
12613,confused
12614,confused
12618,confused
12619,confused
12648,congress
12649,congress
12650,congress
12651,congress
12652,congress
12654,congress
12656,congress
12674,connect
65397,connect
12675,connect
12676,connect
12678,connect
12680,connect
12694,conquer
12704,conquer
12696,conquer
12700,conquer
12702,conquer
12806,constitution
12809,constitution
12810,constitution
12811,constitution
12812,constitution
12814,constitution
12815,constitution
12986,contract
12987,contract
12990,contract
12991,contract
12992,contract
12994,contract
13604,court
70157,court
13618,court
13619,court
13621,court
13623,court
13725,crab
13740,crab
13732,crab
13733,crab
13734,crab
13735,crab
13737,crab
14047,cross
14057,cross
14048,cross
14049,cross
14051,cross
14125,cruel
14126,cruel
14128,cruel
14129,cruel
14131,cruel
14132,cruel
14156,crush
69286,crush
14157,crush
14158,crush
14162,crush
65442,date
14734,date
14728,date
14738,date
14741,date
14729,date
15017,december
15018,december
15019,december
15020,december
15022,december
15023,december
15025,december
15118,decrease
15110,decrease
15120,decrease
15111,decrease
15112,decrease
15116,decrease
15139,deduct
15140,deduct
15141,deduct
15142,deduct
15145,deduct
15146,deduct
15182,defeat
15185,defeat
15196,defeat
15199,defeat
15187,defeat
15631,deposit
15632,deposit
15633,deposit
15635,deposit
15636,deposit
15638,deposit
15647,depressed
70111,depressed
65466,depressed
15648,depressed
15649,depressed
15650,depressed
15652,depressed
15840,detach
15844,detach
15845,detach
15849,detach
15850,detach
15899,determine
15900,determine
15904,determine
15905,determine
15907,determine
16001,diabetes
16002,diabetes
16004,diabetes
16005,diabetes
16007,diabetes
16009,diabetes
16267,dime
16268,dime
16269,dime
16270,dime
16272,dime
16274,dime
16392,dirt
70374,dirt
16394,dirt
16396,dirt
16397,dirt
16398,dirt
16400,dirt
16634,disgust
16640,disgust
16641,disgust
16642,disgust
16643,disgust
16644,disgust
16646,disgust
16699,dismiss
16703,dismiss
16704,dismiss
16707,dismiss
16709,dismiss
16980,dizzy
65501,dizzy
16982,dizzy
16984,dizzy
16986,dizzy
16987,dizzy
17031,document
65505,document
17036,document
17037,document
17038,document
17039,document
17041,document
17042,document
17352,dorm
17353,dorm
17354,dorm
17355,dorm
17356,dorm
17357,dorm
17359,dorm
17360,dormitory
65522,dormitory
17361,dormitory
17362,dormitory
17364,dormitory
17365,dormitory
17455,downstairs
17456,downstairs
17457,downstairs
17458,downstairs
17460,downstairs
17462,downstairs
18370,economy
18371,economy
18372,economy
18374,economy
18375,economy
18377,economy
18424,education
65606,education
18426,education
18427,education
18429,education
18430,education
18431,education
18432,education
18474,effort
18476,effort
18479,effort
18480,effort
18482,effort
65614,eighteen
18550,eighteen
18552,eighteen
18554,eighteen
18555,eighteen
18557,eighteen
65633,engage
19183,engage
19184,engage
19185,engage
19186,engage
19188,engage
19190,engagement
19192,engagement
19193,engagement
19194,engagement
19195,engagement
19197,engagement
19199,engineer
19200,engineer
19202,engineer
19203,engineer
19204,engineer
19207,engineer
19392,envelope
19393,envelope
19394,envelope
19395,envelope
19397,envelope
19398,envelope
19502,erase
65641,erase
19504,erase
19505,erase
19506,erase
19509,erase
19653,eternity
19654,eternity
19655,eternity
19656,eternity
19657,eternity
19658,eternity
19660,eternity
19739,evening
19742,evening
19743,evening
19746,evening
19747,evening
19748,evening
19812,everyday
19816,everyday
70040,everyday
19820,everyday
19813,everyday
19818,everyday
20310,expand
20322,expand
20313,expand
20315,expand
20318,expand
20320,expand
20601,eye
69314,eye
65665,eye
20632,eye
20633,eye
20634,eye
20636,eye
65667,eyes
20661,eyes
20662,eyes
20665,eyes
20666,eyes
20667,eyes
20860,fake
20868,fake
20869,fake
65674,fake
20872,fake
20861,fake
20862,fake
21085,farmer
21086,farmer
21087,farmer
21089,farmer
21090,farmer
21092,farmer
21355,february
21356,february
21358,february
21360,february
21361,february
21363,february
21368,federal
21370,federal
21371,federal
21373,federal
21374,federal
21376,federal
21816,final
21820,final
21821,final
21822,final
21824,final
21826,final
22509,florida
22510,florida
22511,florida
22512,florida
22514,florida
22609,flute
65747,flute
22610,flute
22611,flute
22612,flute
22614,flute
22615,flute
22840,forbid
65757,forbid
22844,forbid
22846,forbid
22848,forbid
65760,forever
22926,forever
22927,forever
22928,forever
22929,forever
22930,forever
23237,fourth
65774,fourth
23239,fourth
23240,fourth
23243,fourth
23245,fourth
23246,fourth
23395,free
23414,free
65778,free
23416,free
23407,free
23412,free
23469,french fries
23470,french fries
65780,french fries
23471,french fries
23473,french fries
23474,french fries
23475,french fries
24013,gamble
24014,gamble
24015,gamble
24016,gamble
24019,gamble
24022,gamble
65802,gas
24127,gas
24119,gas
24120,gas
24121,gas
24122,gas
24125,gas
24130,gasoline
24131,gasoline
24136,gasoline
24137,gasoline
24139,gasoline
24267,generation
65805,generation
24268,generation
24269,generation
24271,generation
24273,generation
24274,generation
24328,geography
24329,geography
24330,geography
24331,geography
24332,geography
24334,geography
24335,geography
24337,geography
24367,german
24368,german
24370,german
24372,german
24373,german
24375,german
24592,girlfriend
24596,girlfriend
24604,girlfriend
24594,girlfriend
24598,girlfriend
24599,girlfriend
24601,girlfriend
24978,gold
24996,gold
24989,gold
24990,gold
24991,gold
69349,grandma
25422,grandma
25423,grandma
25424,grandma
25425,grandma
25426,grandma
25427,grandma
25503,grass
25515,grass
65850,grass
25508,grass
25509,grass
25511,grass
25513,grass
25869,grow up
25871,grow up
68063,grow up
65863,grow up
25874,grow up
25875,grow up
25876,grow up
26010,gun
26012,gun
26013,gun
26016,gun
26018,gun
26135,haircut
26136,haircut
26139,haircut
26142,haircut
26584,hard of hearing
26591,hard of hearing
68066,hard of hearing
26585,hard of hearing
26586,hard of hearing
26587,hard of hearing
26593,hard of hearing
27534,hippopotamus
27535,hippopotamus
27539,hippopotamus
27540,hippopotamus
27542,hippopotamus
27552,his
27553,his
27556,his
27557,his
27559,his
27835,honey
27848,honey
65898,honey
65899,honey
27850,honey
27840,honey
27841,honey
28412,hurricane
28413,hurricane
28414,hurricane
28415,hurricane
28417,hurricane
28418,hurricane
28420,hurricane
28673,identify
65919,identify
28675,identify
28680,identify
28681,identify
28683,identify
29275,include
29278,include
29279,include
29281,include
29282,include
29284,include
29561,infection
65938,infection
29562,infection
29563,infection
29564,infection
29565,infection
29566,infection
29567,infection
29789,innocent
29791,innocent
29792,innocent
29794,innocent
29795,innocent
29796,innocent
29798,innocent
29841,insect
29842,insect
29843,insect
29844,insect
29847,insect
29849,insect
29961,instead
65945,instead
29962,instead
29963,instead
29965,instead
29967,instead
29976,institute
65947,institute
29979,institute
29980,institute
29982,institute
29984,institute
29986,institute
30215,international
30217,international
30219,international
30220,international
30221,international
30223,international
30277,interrupt
30285,interrupt
30287,interrupt
30289,interrupt
30278,interrupt
30281,interrupt
30283,interrupt
65962,involve
30522,involve
30523,involve
30526,involve
30528,involve
30870,jail
30881,jail
30873,jail
30875,jail
30876,jail
30878,jail
30879,jail
30917,january
30921,january
30919,january
30920,january
30923,january
30924,january
30926,january
31177,joke
31181,joke
31182,joke
31183,joke
31184,joke
31186,joke
31345,june
31346,june
31347,june
31348,june
31350,june
31351,june
31353,june
31441,kangaroo
65986,kangaroo
31442,kangaroo
31444,kangaroo
31445,kangaroo
31456,karate
31457,karate
31458,karate
31460,karate
31461,karate
31463,karate
31588,kick
65990,kick
31592,kick
31594,kick
31596,kick
31600,kick
31832,kneel
31833,kneel
31834,kneel
31836,kneel
31838,kneel
31874,knock
31886,knock
66001,knock
31882,knock
31883,knock
31884,knock
32189,laptop
32197,laptop
66009,laptop
32191,laptop
32192,laptop
32193,laptop
32195,laptop
69387,lift
66068,lift
33166,lift
33167,lift
33170,lift
33172,lift
33235,lightning
69388,lightning
33246,lightning
33238,lightning
33240,lightning
33241,lightning
33243,lightning
33402,lip
33403,lip
33404,lip
33407,lip
33409,lip
33410,lip
33422,lipstick
33423,lipstick
33424,lipstick
33426,lipstick
33429,lipstick
33650,local
33651,local
33652,local
33653,local
33656,local
33658,local
34686,manage
66100,manage
34687,manage
34688,manage
34690,manage
34692,manage
35188,mature
35198,mature
35189,mature
35190,mature
35191,mature
35196,mature
35573,member
35574,member
35575,member
35576,member
35578,member
35579,member
35581,member
35770,message
35761,message
35762,message
35763,message
35765,message
35768,message
35796,metal
35807,metal
35798,metal
35799,metal
35804,metal
35805,metal
35922,microphone
35923,microphone
35924,microphone
35925,microphone
35928,microphone
35929,microphone
35931,microphone
66133,mix
36460,mix
36452,mix
36462,mix
36453,mix
36454,mix
36743,monthly
36744,monthly
36745,monthly
36747,monthly
36748,monthly
36750,monthly
69403,motor
37003,motor
70092,motor
37004,motor
37006,motor
37008,motor
37669,nation
37683,nation
37684,nation
37685,nation
37687,nation
37688,nation
37690,nation
38042,network
66165,network
38043,network
38044,network
38045,network
38047,network
38048,network
38298,nickel
38299,nickel
38300,nickel
38301,nickel
38305,nickel
66177,nineteen
66178,nineteen
38396,nineteen
38398,nineteen
38399,nineteen
38401,nineteen
38642,normal
66189,normal
38643,normal
38644,normal
38646,normal
38648,normal
38972,november
38973,november
38974,november
38975,november
38977,november
38978,november
38980,november
39114,nut
66220,nut
39115,nut
39116,nut
39118,nut
39120,nut
69417,octopus
66222,octopus
39369,octopus
39370,octopus
39373,octopus
39375,octopus
39674,once
66227,once
39679,once
39680,once
39682,once
39686,once
40226,organize
40229,organize
40230,organize
40231,organize
40234,organize
40235,organize
40559,over
40569,over
40560,over
40561,over
40565,over
40566,over
40658,owl
66256,owl
40659,owl
40660,owl
40661,owl
40664,owl
40701,p
66054,p
42511,p
42512,p
42513,p
42514,p
42516,p
41054,parachute
41055,parachute
41056,parachute
41058,parachute
41060,parachute
41077,paragraph
41078,paragraph
41079,paragraph
41080,paragraph
41082,paragraph
41084,paragraph
41093,parallel
66263,parallel
41094,parallel
41095,parallel
41097,parallel
41099,parallel
41579,pay attention
41582,pay attention
68128,pay attention
41580,pay attention
41584,pay attention
41585,pay attention
41643,peace
41653,peace
41654,peace
41657,peace
41659,peace
41692,peanut butter
66272,peanut butter
41693,peanut butter
41694,peanut butter
41696,peanut butter
41698,peanut butter
42036,perfume
42039,perfume
42040,perfume
42041,perfume
42044,perfume
42045,perfume
42213,personality
42214,personality
42215,personality
42217,personality
42218,personality
42220,personality
66283,pet
42316,pet
42308,pet
42318,pet
42309,pet
42314,pet
42378,philadelphia
70138,philadelphia
66284,philadelphia
66285,philadelphia
42379,philadelphia
42381,philadelphia
42540,physician
42541,physician
42542,physician
42544,physician
42545,physician
42546,physician
42547,physician
42663,piece
42664,piece
42665,piece
42667,piece
42668,piece
42670,piece
42938,pity
42947,pity
42939,pity
42940,pity
42942,pity
42945,pity
43078,plant
43090,plant
43079,plant
43081,plant
43083,plant
43253,plenty
43254,plenty
43255,plenty
43257,plenty
43258,plenty
43259,plenty
43261,plenty
43364,pneumonia
43367,pneumonia
43368,pneumonia
43369,pneumonia
43370,pneumonia
43371,pneumonia
43373,pneumonia
43593,politics
66309,politics
43594,politics
43595,politics
43596,politics
43598,politics
43599,politics
43799,position
43800,position
43801,position
43802,position
43805,position
43807,position
43986,pound
43996,pound
43987,pound
43988,pound
43989,pound
43994,pound
43999,pour
44007,pour
44011,pour
44000,pour
44001,pour
44096,praise
44097,praise
44098,praise
44100,praise
44101,praise
44103,praise
44137,preach
44147,preach
44148,preach
44149,preach
44151,preach
44153,preach
44140,preacher
44141,preacher
44143,preacher
44144,preacher
44146,preacher
44213,prefer
44221,prefer
44224,prefer
44225,prefer
44227,prefer
44394,pressure
44396,pressure
44397,pressure
44398,pressure
44400,pressure
44401,pressure
44402,pressure
66331,principal
44538,principal
44539,principal
44541,principal
44542,principal
44544,principal
44582,priority
44588,priority
44592,priority
44584,priority
44586,priority
44587,priority
44776,professional
44777,professional
44778,professional
44779,professional
44780,professional
44782,professional
44783,professional
44789,professor
44790,professor
44791,professor
44793,professor
44794,professor
44796,professor
66340,promote
44906,promote
44907,promote
44910,promote
44911,promote
45050,prostitute
45051,prostitute
45052,prostitute
45054,prostitute
45055,prostitute
45057,prostitute
45089,proud
45090,proud
45091,proud
45092,proud
45094,proud
45095,proud
45096,proud
45819,quote
45820,quote
45821,quote
45822,quote
45824,quote
45826,quote
46489,receive
46491,receive
46492,receive
46493,receive
46495,receive
46497,receive
66376,recent
66377,recent
46500,recent
46501,recent
46502,recent
46503,recent
46506,recent
46750,reduce
46759,reduce
46762,reduce
46752,reduce
46753,reduce
46754,reduce
46773,refer
46791,refer
46792,refer
46793,refer
46795,refer
46797,refer
46774,referee
46775,referee
46776,referee
46779,referee
46780,referee
46781,referee
46783,referee
47025,relate
47028,relate
47029,relate
47030,relate
47032,relate
47034,relate
47058,relax
47059,relax
47060,relax
47063,relax
47066,relax
47220,remote control
66389,remote control
47221,remote control
47222,remote control
47224,remote control
47225,remote control
47269,rent
47271,rent
47272,rent
47273,rent
47277,rent
47279,rent
47439,reputation
47440,reputation
47441,reputation
47442,reputation
47444,reputation
47445,reputation
47447,reputation
47552,resign
66394,resign
47554,resign
47555,resign
47557,resign
47559,resign
47561,resign
47645,responsible
47646,responsible
47648,responsible
47649,responsible
47650,responsible
47652,responsible
48072,ridiculous
66407,ridiculous
48073,ridiculous
48074,ridiculous
48077,ridiculous
48078,ridiculous
48264,road
48273,road
48274,road
48277,road
48279,road
48339,robot
48340,robot
48341,robot
48344,robot
48345,robot
48346,robot
48684,rubber
48685,rubber
48686,rubber
48688,rubber
48689,rubber
48691,rubber
48995,safe
49003,safe
48996,safe
49006,safe
48997,safe
49002,safe
49341,sauce
49342,sauce
49343,sauce
49345,sauce
49346,sauce
49349,sauce
49357,sausage
49358,sausage
49359,sausage
49362,sausage
49363,sausage
49365,sausage
49666,scold
49672,scold
49673,scold
49675,scold
50356,senior
50372,senior
50363,senior
50364,senior
50365,senior
50367,senior
50370,senior
50449,september
50454,september
50453,september
50456,september
50457,september
50459,september
50460,september
50703,several
70307,several
66458,several
50704,several
50705,several
50707,several
50809,shame
50813,shame
50814,shame
50815,shame
50817,shame
50819,shame
50890,shave
50902,shave
50904,shave
50895,shave
50896,shave
51160,shoot
51165,shoot
51154,shoot
51155,shoot
51156,shoot
51273,shoulder
66472,shoulder
51276,shoulder
51278,shoulder
51281,shoulder
51716,silver
51726,silver
51717,silver
51718,silver
51719,silver
51721,silver
51747,simple
51749,simple
51750,simple
51751,simple
51755,simple
51757,simple
66487,siren
66486,siren
51871,siren
51872,siren
51874,siren
51876,siren
52045,size
69475,size
52046,size
52047,size
52049,size
52051,size
52053,skate
69476,skate
52072,skate
52073,skate
52076,skate
52156,skin
52167,skin
52158,skin
52159,skin
52160,skin
52161,skin
52163,skin
52165,skin
52213,skunk
52214,skunk
52215,skunk
52216,skunk
52217,skunk
52219,skunk
52221,skunk
52372,slice
52380,slice
66505,slice
52382,slice
52373,slice
52378,slice
52379,slice
52659,smooth
52660,smooth
52662,smooth
52663,smooth
52665,smooth
52666,smooth
52668,smooth
52683,snack
52686,snack
52687,snack
52688,snack
52691,snack
52693,snack
52694,snack
66520,snowman
66521,snowman
52871,snowman
52874,snowman
52875,snowman
52877,snowman
52990,society
52998,society
66526,society
53000,society
52992,society
52993,society
52997,society
53217,someone
70127,someone
53218,someone
53220,someone
53221,someone
53222,someone
53223,someone
53260,song
53261,song
53262,song
53264,song
53265,song
53267,song
53340,sore throat
53341,sore throat
53343,sore throat
53344,sore throat
53345,sore throat
53347,sore throat
53457,south america
53458,south america
53459,south america
53460,south america
53463,south america
53464,south america
66541,spanish
53564,spanish
53565,spanish
53566,spanish
53567,spanish
53569,spanish
53570,spanish
53611,speak
53620,speak
53621,speak
53622,speak
53623,speak
53624,speak
53626,speak
53733,speed
53736,speed
53737,speed
53738,speed
53741,speed
53744,speed
69487,spell
53771,spell
53772,spell
53773,spell
53775,spell
53778,spell
54001,spoon
54004,spoon
54014,spoon
54007,spoon
54008,spoon
54116,spring
54117,spring
54118,spring
54119,spring
54121,spring
54124,spring
54362,standard
54363,standard
54364,standard
54366,standard
54368,standard
54370,standard
54529,statistics
54530,statistics
54531,statistics
54533,statistics
54534,statistics
54536,statistics
54761,sticky
54762,sticky
54763,sticky
54764,sticky
54766,sticky
54767,sticky
54768,sticky
54787,still
54788,still
66555,still
54780,still
54791,still
54781,still
55188,stretch
55189,stretch
55191,stretch
55192,stretch
55193,stretch
55195,stretch
56072,surgeon
56073,surgeon
56076,surgeon
56078,surgeon
56270,sweden
56271,sweden
56272,sweden
56273,sweden
56276,sweden
56277,sweden
56367,swimsuit
56370,swimsuit
56371,swimsuit
56372,swimsuit
56373,swimsuit
56480,sympathy
56481,sympathy
56482,sympathy
56485,sympathy
56488,sympathy
56762,take turns
56763,take turns
56764,take turns
56766,take turns
56767,take turns
56768,take turns
56769,take turns
56770,take up
68164,take up
56771,take up
56772,take up
56773,take up
56775,take up
57168,technology
57169,technology
57170,technology
57172,technology
57173,technology
57175,technology
57321,temple
70056,temple
57322,temple
57323,temple
57324,temple
57327,temple
57329,temple
57367,tender
57368,tender
57369,tender
57371,tender
57373,tender
57374,tender
57375,tender
57596,thailand
57597,thailand
57598,thailand
57600,thailand
57601,thailand
57602,thailand
57603,thailand
57705,theater
57706,theater
57707,theater
57709,theater
57712,theater
57742,them
69503,them
57751,them
57752,them
57754,them
57756,them
57743,theme
57744,theme
57745,theme
57746,theme
57748,theme
57750,theme
57899,thick
57890,thick
57901,thick
57892,thick
57893,thick
57896,thick
58070,this
69507,this
58077,this
58079,this
66628,this
58072,this
58251,throat
58252,throat
58253,throat
58254,throat
58256,throat
58258,throat
58610,tissue
66649,tissue
58611,tissue
58612,tissue
58613,tissue
58614,tissue
58616,tissue
58819,tongue
66656,tongue
58822,tongue
58824,tongue
58826,tongue
58829,tongue
58833,tonight
58834,tonight
58835,tonight
58836,tonight
58838,tonight
58840,tonight
58968,tornado
58972,tornado
58977,tornado
58979,tornado
58980,tornado
58983,tornado
59131,tower
59133,tower
59135,tower
59136,tower
59137,tower
59139,tower
59348,tranquil
59349,tranquil
59350,tranquil
59352,tranquil
59353,tranquil
59354,tranquil
59379,transform
59383,transform
59384,transform
59386,transform
59387,transform
59389,transform
60056,tutor
60057,tutor
60058,tutor
60059,tutor
60062,tutor
60064,tutor
60164,twin
60155,twin
60156,twin
60159,twin
60161,twin
60162,twin
60720,united states
60730,united states
60722,united states
60723,united states
60724,united states
60728,united states
61232,value
61240,value
61233,value
61236,value
61237,value
61238,value
61239,value
61825,visitor
66732,visitor
61826,visitor
61827,visitor
61829,visitor
61830,visitor
61831,visitor
62086,waiter
70171,waiter
62087,waiter
62088,waiter
62092,waiter
62142,wake up
62145,wake up
62143,wake up
62146,wake up
62148,wake up
62150,wake up
66745,wallet
62189,wallet
62190,wallet
62191,wallet
62192,wallet
62195,wallet
62229,wander
62230,wander
62231,wander
62234,wander
62236,wander
66748,wash face
62349,wash face
62790,weight
62791,weight
62792,weight
62793,weight
62796,weight
62797,weight
69530,whale
62942,whale
62933,whale
62934,whale
62936,whale
62937,whale
62951,whatever
66772,whatever
62952,whatever
62953,whatever
62955,whatever
62956,whatever
63597,within
63598,within
63599,within
63600,within
63603,within
63604,within
63687,wonder
63701,wonder
66800,wonder
63695,wonder
63696,wonder
63697,wonder
63779,worker
66805,worker
63780,worker
63781,worker
63783,worker
63785,worker
63916,worthless
66812,worthless
63917,worthless
63918,worthless
63920,worthless
63921,worthless
63922,worthless
69542,wrap
63970,wrap
63971,wrap
63974,wrap
63975,wrap
63976,wrap
63978,wrap
00581,accent
65006,accent
00583,accent
00584,accent
00585,accent
00586,accent
65014,act
00846,act
00847,act
00849,act
00851,act
00943,adapt
00944,adapt
00946,adapt
00947,adapt
00949,adapt
00951,adapt
01062,adjective
01064,adjective
01065,adjective
01066,adjective
01068,adjective
01073,adjust
01074,adjust
01076,adjust
01077,adjust
01079,adjust
65020,admire
01100,admire
01101,admire
01103,admire
01107,admire
65021,admit
01124,admit
01127,admit
01118,admit
01120,admit
01122,admit
01224,advanced
01226,advanced
01227,advanced
01229,advanced
01230,advanced
01231,advanced
01263,adverb
01264,adverb
01265,adverb
01266,adverb
01268,adverb
65037,agreement
01583,agreement
01584,agreement
01585,agreement
01586,agreement
01587,agreement
01621,aid
01622,aid
01624,aid
01626,aid
01627,aid
01628,aid
02008,alligator
02009,alligator
02010,alligator
02012,alligator
02014,alligator
02429,amputate
02430,amputate
02431,amputate
02434,amputate
02435,amputate
02484,anatomy
02485,anatomy
02487,anatomy
02490,anatomy
02492,anatomy
02634,annoy
02643,annoy
02653,annoy
02644,annoy
02645,annoy
02850,anyway
02851,anyway
02852,anyway
02854,anyway
02855,anyway
02856,anyway
03089,approach
65088,approach
03090,approach
03092,approach
03093,approach
03096,approach
03311,arizona
65093,arizona
03315,arizona
03316,arizona
03318,arizona
03750,assist
03765,assist
03766,assist
03768,assist
03769,assist
03771,assist
03797,assume
03799,assume
03800,assume
03802,assume
03805,assume
04049,attorney
04050,attorney
04051,attorney
04053,attorney
04055,attorney
04128,audiologist
04129,audiologist
04130,audiologist
04132,audiologist
04134,audiologist
04135,audiology
04136,audiology
04137,audiology
04139,audiology
04141,audiology
04200,austria
04201,austria
04202,austria
04203,austria
04207,austria
04216,author
04218,author
04219,author
04221,author
04223,author
04300,available
04301,available
04302,available
04304,available
04305,available
04307,available
04363,award
04364,award
04369,award
04370,award
04372,award
04374,aware
04375,aware
04376,aware
04378,aware
04380,aware
04971,bank
04972,bank
04974,bank
05016,baptize
05017,baptize
05018,baptize
05019,baptize
05020,baptize
05025,baptize
05215,basic
65143,basic
05216,basic
05217,basic
05219,basic
65149,battery
70094,battery
05358,battery
05362,battery
05363,battery
05986,berry
65176,berry
05987,berry
05988,berry
05989,berry
05992,berry
05997,beside
06007,beside
05998,beside
05999,beside
06001,beside
06002,beside
06077,between
65180,between
06081,between
06082,between
06083,between
06085,between
06087,between
06298,binoculars
65185,binoculars
06299,binoculars
06300,binoculars
06302,binoculars
06787,blow
06788,blow
06789,blow
06792,blow
06794,blow
06922,boast
06923,boast
06925,boast
06926,boast
06928,boast
06967,boil
06976,boil
06968,boil
06969,boil
06972,boil
06974,boil
07113,bookshelf
07121,bookshelf
07118,bookshelf
07126,bookstore
70227,bookstore
07127,bookstore
07128,bookstore
07130,bookstore
07131,bookstore
07425,boxing
07430,boxing
07431,boxing
07433,boxing
07435,boxing
07506,braid
07509,braid
07510,braid
07515,braid
07523,brain
07527,brain
07528,brain
07530,brain
07532,brain
07611,breakdown
07613,breakdown
07618,breakdown
70093,breakdown
65253,breakdown
07612,breakdown
07624,breakfast
07625,breakfast
07626,breakfast
07628,breakfast
07630,breakfast
07699,breeze
07702,breeze
07703,breeze
07704,breeze
07706,breeze
07715,bribe
07716,bribe
07718,bribe
07719,bribe
07721,bribe
07860,brochure
07861,brochure
07862,brochure
07864,brochure
07866,brochure
08087,buffalo
08088,buffalo
08089,buffalo
08093,buffalo
08095,buffalo
08300,burp
08302,burp
08303,burp
08305,burp
08306,burp
08308,burp
08338,bush
08339,bush
08340,bush
08341,bush
08343,bush
08345,bush
08510,bye
08512,bye
08514,bye
08515,bye
08517,bye
08772,camel
08773,camel
08774,camel
08780,camel
08888,candidate
08889,candidate
08890,candidate
08891,candidate
08893,candidate
08894,candidate
65301,cannot
08970,cannot
08967,cannot
08968,cannot
08972,cannot
08974,cannot
09078,captain
09081,captain
09082,captain
09083,captain
09085,captain
09256,carnival
09259,carnival
09260,carnival
09261,carnival
09262,carnival
09264,carnival
09501,caterpillar
09502,caterpillar
09503,caterpillar
09507,caterpillar
10249,cheerleader
65344,cheerleader
10250,cheerleader
10251,cheerleader
10252,cheerleader
10253,cheerleader
10295,chemical
10296,chemical
10297,chemical
10298,chemical
10300,chemical
10301,chemical
10388,chicago
10389,chicago
10391,chicago
10393,chicago
10608,choke
10609,choke
10611,choke
10612,choke
10614,choke
10673,christ
10679,christ
10680,christ
10682,christ
10684,christ
11103,click
11113,click
11104,click
11105,click
11112,click
11293,closet
11284,closet
11285,closet
11286,closet
11287,closet
11408,clueless
11409,clueless
11413,clueless
11414,clueless
11415,clueless
11416,clueless
11418,clumsy
11419,clumsy
11420,clumsy
11422,clumsy
11424,clumsy
11686,collect
11687,collect
11689,collect
11691,collect
11693,collect
11929,comma
11930,comma
11931,comma
11933,comma
11935,comma
65382,comment
11971,comment
11972,comment
11973,comment
11977,comment
11978,comment
11994,commit
11995,commit
11997,commit
11998,commit
12000,commit
12004,committee
65383,committee
12005,committee
12006,committee
12008,committee
12010,committee
12022,common sense
12023,common sense
12024,common sense
12025,common sense
12027,common sense
12028,common sense
12158,compete
12159,compete
12161,compete
12162,compete
12164,compete
12387,concentrate
12391,concentrate
12392,concentrate
12394,concentrate
12636,congratulations
12637,congratulations
12638,congratulations
12639,congratulations
12641,congratulations
12749,consider
12755,consider
12758,consider
12759,consider
12761,consider
12819,construct
12820,construct
12823,construct
12824,construct
12826,construct
65398,consume
12863,consume
12855,consume
12860,consume
12941,contest
12942,contest
12943,contest
12945,contest
12947,contest
13087,conversation
13091,conversation
13093,conversation
13094,conversation
13095,conversation
13106,convert
13109,convert
13111,convert
13112,convert
13114,convert
13222,cooperate
13223,cooperate
13224,cooperate
13228,cooperate
13498,counsel
65412,counsel
13499,counsel
13500,counsel
13501,counsel
13503,counsel
13507,counselor
13508,counselor
13509,counselor
13510,counselor
13511,counselor
13512,counselor
65420,crave
13819,crave
13820,crave
13822,crave
13823,crave
13824,crave
13877,create
13878,create
13880,create
13881,create
65425,crocodile
14011,crocodile
14013,crocodile
14015,crocodile
14101,crown
14102,crown
14103,crown
14105,crown
14107,crown
14202,cuba
14203,cuba
14204,cuba
14207,cuba
14209,cuba
14211,cuba
14390,curtain
14393,curtain
14394,curtain
14396,curtain
14431,customer
14432,customer
14433,customer
14437,customer
14438,customer
66042,d
15996,d
15997,d
14553,d
15998,d
16000,d
14601,damage
14602,damage
14604,damage
14606,damage
14608,damage
14634,dancer
65436,dancer
14635,dancer
14636,dancer
14638,dancer
14644,danger
14645,danger
14646,danger
14647,danger
14648,danger
14650,danger
65438,dangerous
65437,dangerous
14652,dangerous
14653,dangerous
14656,dangerous
14657,dangerous
14772,dawn
14773,dawn
14774,dawn
14777,dawn
14778,dawn
14952,death
14953,death
14954,death
14955,death
14957,death
14960,debate
14961,debate
14964,debate
14966,debate
14968,debate
14978,debt
14979,debt
14981,debt
14982,debt
14984,debt
15397,deliver
15401,deliver
15402,deliver
15405,deliver
15406,deliver
15447,democrat
15448,democrat
15449,democrat
15450,democrat
15451,democrat
15453,democrat
15691,descend
15704,descend
15695,descend
15701,descend
15702,descend
15741,design
65468,design
15750,design
15751,design
15753,design
15755,design
15874,detective
70199,detective
15876,detective
15878,detective
15880,detective
15956,devil
65474,devil
15957,devil
15958,devil
15961,devil
65478,dice
16117,dice
16110,dice
16114,dice
16211,difficult
16212,difficult
16213,difficult
16216,difficult
16220,difficult
16313,dining room
16314,dining room
16315,dining room
16316,dining room
16317,dining room
16319,dining room
16502,discipline
16503,discipline
16504,discipline
16506,discipline
16510,discipline
16511,discipline
16540,discount
16541,discount
16542,discount
16544,discount
16546,discount
65492,disgusted
70110,disgusted
16635,disgusted
16636,disgusted
16638,disgusted
16639,disgusted
16872,disturb
16873,disturb
16877,disturb
16878,disturb
16880,disturb
16949,division
16958,division
16950,division
16951,division
16955,division
69300,done
17206,done
17209,done
17212,done
17214,done
17511,drag
17521,drag
17512,drag
17514,drag
17518,drag
17529,dragon
17530,dragon
17532,dragon
17533,dragon
17534,dragon
17557,drama
17559,drama
17560,drama
17562,drama
17564,drama
17885,drug
17877,drug
17878,drug
17889,drug
17883,drug
17958,due
65552,due
17959,due
17960,due
17961,due
17964,due
17965,due
17968,dull
17976,dull
17979,dull
17969,dull
17974,dull
17975,dull
18037,dusk
18038,dusk
18040,dusk
18042,dusk
18043,dusk
18069,dvd
18070,dvd
18071,dvd
18072,dvd
18073,dvd
18074,dvd
18075,dvd
18090,dye
18091,dye
18092,dye
18095,dye
18096,dye
18107,e
66043,e
18533,e
18534,e
18535,e
18537,e
18640,either
18649,either
65617,either
18644,either
18646,either
18647,either
18727,electricity
18728,electricity
18729,electricity
18732,electricity
18734,electricity
18755,elementary
18756,elementary
18757,elementary
18759,elementary
18761,elementary
18854,else
18856,else
18857,else
18858,else
18859,else
18861,else
18939,emergency
18942,emergency
18944,emergency
18946,emergency
18949,emergency
18950,emergency
19198,engine
19212,engine
19213,engine
19214,engine
19215,engine
19217,engine
19297,enormous
19298,enormous
19299,enormous
19300,enormous
19301,enormous
19303,enormous
19512,eraser
19513,eraser
19514,eraser
19515,eraser
19517,eraser
19851,every monday
19852,every monday
19853,every monday
19855,every monday
19856,every monday
19857,every monday
19929,every tuesday
19930,every tuesday
19931,every tuesday
19933,every tuesday
19934,every tuesday
19935,every tuesday
19909,everything
65649,everything
19911,everything
19912,everything
19915,everything
19916,everything
20108,except
20109,except
20110,except
20111,except
20113,except
20115,except
20256,exhibit
20257,exhibit
20260,exhibit
20262,exhibit
20455,explode
65662,explode
20456,explode
20457,explode
20459,explode
20508,express
65664,express
20510,express
20511,express
20513,express
20514,express
20670,f
66044,f
21568,f
21569,f
21570,f
21572,f
20836,fairy
20837,fairy
20838,fairy
20839,fairy
20840,fairy
20841,fairy
20965,familiar
20967,familiar
20969,familiar
20970,familiar
20971,familiar
20973,familiar
21524,festival
21525,festival
21527,festival
21529,festival
21837,finance
21838,finance
21839,finance
21841,finance
21843,finance
21925,fingerspell
68049,fingerspell
21923,fingerspell
21928,fingerspell
21929,fingerspell
22015,fire
22017,fire
22019,fire
22010,fire
65726,firefighter
21993,firefighter
21994,firefighter
21999,firefighter
22000,firefighter
22003,firefighter
69326,five
65734,five
22191,five
22192,five
22194,five
22196,five
22356,flatter
22357,flatter
22358,flatter
22359,flatter
22362,flatter
65754,fool
22780,fool
22772,fool
22783,fool
22774,fool
22973,forgive
22974,forgive
22975,forgive
22976,forgive
22978,forgive
22980,forgive
23029,former
23038,former
65764,former
23030,former
23031,former
23035,former
23432,freeway
23434,freeway
23425,freeway
23427,freeway
23428,freeway
23431,freeway
23646,from now on
23647,from now on
23648,from now on
23650,from now on
23651,from now on
23652,from now on
23959,g
66045,g
24523,g
24524,g
24525,g
24527,g
24042,gang
24043,gang
24044,gang
24046,gang
24048,gang
65804,gay
24199,gay
24203,gay
24194,gay
24195,gay
24343,geometry
24344,geometry
24345,geometry
24347,geometry
24349,geometry
65814,get up
24498,get up
24499,get up
24500,get up
24502,get up
24503,get up
24539,gift
24547,gift
24548,gift
24553,gift
24555,gift
25270,grab
65841,grab
25279,grab
25280,grab
25282,grab
25350,graduation
25351,graduation
25353,graduation
25354,graduation
25356,graduation
25521,grateful
25522,grateful
25524,grateful
25526,grateful
25527,grateful
25528,grateful
68062,grey
25714,grey
25715,grey
25717,grey
25721,grey
26062,gymnastics
26063,gymnastics
26067,gymnastics
26068,gymnastics
26069,gymnastics
26074,h
27357,h
66046,h
27355,h
27359,h
27356,h
65877,hang up
26472,hang up
26463,hang up
26464,hang up
26483,hanukkah
26484,hanukkah
26485,hanukkah
26487,hanukkah
26488,hanukkah
65883,heap
26931,heap
26932,heap
26935,heap
26937,heap
27017,heart attack
27018,heart attack
27019,heart attack
27020,heart attack
27022,heart attack
27023,heart attack
27485,hill
27486,hill
27487,hill
27490,hill
27492,hill
27752,holy
27744,holy
27754,holy
27745,holy
27746,holy
27748,holy
27915,hop
27940,hop
27942,hop
27943,hop
27945,hop
28050,host
28056,host
28067,host
28069,host
28057,host
28058,host
28085,hot dog
28096,hot dog
28082,hot dog
28087,hot dog
28091,hot dog
28285,human
28288,human
28291,human
28292,human
28296,human
28557,i
66047,i
28789,i
28790,i
28791,i
28794,i
28810,ill
28820,ill
28821,ill
28824,ill
28827,ill
28811,illegal
28813,illegal
28814,illegal
28815,illegal
28817,illegal
28818,illegal
65925,impact
29007,impact
29008,impact
29010,impact
29011,impact
29461,individual
65933,individual
29462,individual
29463,individual
29468,individual
29897,inspect
29898,inspect
29900,inspect
29901,inspect
29903,inspect
65943,inspire
29919,inspire
29920,inspire
29921,inspire
29924,inspire
30297,intersection
70182,intersection
30298,intersection
30301,intersection
30302,intersection
30304,intersection
30582,ireland
65963,ireland
30584,ireland
30585,ireland
30587,ireland
30588,ireland
65964,iron
30603,iron
30595,iron
30596,iron
30820,j
66048,j
31100,j
31101,j
31102,j
31104,j
31072,jewelry
65978,jewelry
31077,jewelry
31078,jewelry
31079,jewelry
31080,jewelry
31082,jewelry
31216,journey
31218,journey
31220,journey
31221,journey
31223,journey
31232,joy
31233,joy
31236,joy
31237,joy
31239,joy
31297,july
31300,july
31306,july
31301,july
31303,july
31304,july
31436,k
66049,k
31583,k
31584,k
31585,k
31587,k
65991,kid
31621,kid
31612,kid
31613,kid
31614,kid
31687,kindergarten
31688,kindergarten
31689,kindergarten
31691,kindergarten
31693,kindergarten
32046,lady
32047,lady
32049,lady
32050,lady
32052,lady
32092,lamp
32097,lamp
32100,lamp
32094,lamp
32275,last week
66011,last week
32276,last week
32277,last week
32278,last week
32280,last week
32419,laundry
32421,laundry
32422,laundry
32424,laundry
32426,laundry
32427,laundry
32519,leader
32530,leader
32520,leader
32521,leader
32522,leader
32523,leader
32561,league
66022,league
32562,league
32563,league
32566,league
32575,leak
32576,leak
32579,leak
32569,leak
32570,leak
32571,leak
32752,legal
32754,legal
32755,legal
32757,legal
32759,legal
32902,let
32911,let
32915,let
32916,let
32918,let
32999,liability
33000,liability
33001,liability
33002,liability
33003,liability
33005,liability
33041,librarian
33042,librarian
33043,librarian
33044,librarian
33045,librarian
33047,librarian
33061,license
33063,license
33066,license
33067,license
33069,license
33517,little bit
68094,little bit
33518,little bit
33519,little bit
33520,little bit
33521,little bit
33607,loan
33616,loan
33609,loan
33612,loan
33613,loan
33848,look at
33851,look at
33857,look at
33858,look at
33880,look for
33881,look for
33882,look for
33884,look for
33979,lord
33980,lord
33981,lord
33983,lord
33986,lord
34336,m
66051,m
35897,m
35898,m
35899,m
35901,m
35306,meaning
35307,meaning
35310,meaning
35311,meaning
35312,meaning
35313,meaning
35554,melody
35555,melody
35556,melody
35557,melody
35558,melody
35560,melody
35566,melt
35567,melt
35568,melt
35570,melt
35572,melt
35673,mention
66115,mention
66116,mention
35676,mention
35680,mention
35932,microscope
35933,microscope
35935,microscope
35937,microscope
35986,midnight
35988,midnight
35990,midnight
35992,midnight
35993,midnight
36036,military
36037,military
36038,military
36040,military
36041,military
36139,mine
36140,mine
36142,mine
36144,mine
36146,mine
36398,mistake
36399,mistake
36400,mistake
36402,mistake
36404,mistake
36487,mock
70202,mock
36489,mock
36490,mock
36492,mock
36801,moose
36802,moose
36804,moose
36808,moose
36907,mosquito
36910,mosquito
36901,mosquito
36903,mosquito
36906,mosquito
66148,motivate
36969,motivate
36970,motivate
36971,motivate
36973,motivate
36975,motivate
37302,murder
37305,murder
37306,murder
37308,murder
37310,murder
37512,n
66052,n
38265,n
38266,n
38267,n
38269,n
37644,narrow
37647,narrow
37648,narrow
37650,narrow
37652,narrow
37827,necessary
37828,necessary
37829,necessary
37831,necessary
37833,necessary
37930,negotiate
37940,negotiate
37932,negotiate
37933,negotiate
37937,negotiate
37938,negotiate
38206,new york
38212,new york
38211,new york
38214,new york
38216,new york
66173,nine
38373,nine
38374,nine
38376,nine
38378,nine
38700,northwest
38701,northwest
38702,northwest
38704,northwest
38705,northwest
38706,northwest
38944,not yet
38945,not yet
38949,not yet
38946,not yet
66193,notice
38871,notice
38872,notice
38873,notice
38875,notice
38878,notice
39067,numerous
39070,numerous
39071,numerous
39072,numerous
39073,numerous
39074,nun
39076,nun
39077,nun
39080,nun
39082,nun
39147,o
66053,o
39553,o
39554,o
39555,o
39557,o
39197,objective
39198,objective
39199,objective
39201,objective
39203,objective
66221,obsess
39253,obsess
39254,obsess
39255,obsess
39256,obsess
39257,obsess
39258,obsess
39285,obtain
39286,obtain
39287,obtain
39289,obtain
39291,obtain
39333,occur
39334,occur
39335,occur
39337,occur
39338,occur
39386,odor
39387,odor
39388,odor
39389,odor
39390,odor
39392,odor
39646,olympics
39647,olympics
39649,olympics
39650,olympics
39652,olympics
40093,or
40239,or
40240,or
40242,or
40243,or
40094,oral
40104,oral
66245,oral
40097,oral
40102,oral
40340,our
40342,our
40343,our
40345,our
40347,our
40527,overcome
40528,overcome
40529,overcome
40531,overcome
40532,overcome
40533,overcome
66258,pack
40722,pack
40723,pack
40726,pack
40728,pack
40827,painter
40828,painter
40829,painter
40830,painter
40831,painter
40833,painter
41256,part
41262,part
41263,part
41265,part
41267,part
41559,pause
41560,pause
41561,pause
41563,pause
41553,pause
41554,pause
41555,pause
41644,peaceful
41645,peaceful
41646,peaceful
41647,peaceful
41648,peaceful
41649,peaceful
41650,peaceful
41704,pear
66273,pear
41705,pear
41708,pear
41709,pear
41771,peel
41774,peel
41775,peel
41777,peel
41780,peel
41810,penalty
41811,penalty
41812,penalty
41814,penalty
41816,penalty
41895,pennsylvania
66277,pennsylvania
41896,pennsylvania
41897,pennsylvania
41899,pennsylvania
41900,pennsylvania
41902,penny
41905,penny
41907,penny
42136,permit
42144,permit
42145,permit
42148,permit
42137,permit
42138,permit
42142,permit
42501,phrase
42502,phrase
42503,phrase
42504,phrase
42505,phrase
42507,phrase
42601,pickle
42605,pickle
42607,pickle
42608,pickle
42609,pickle
42610,pickle
42760,pilot
42761,pilot
42762,pilot
42764,pilot
42767,pilot
43146,player
66300,player
43147,player
43149,player
43150,player
43151,player
43507,polar bear
43508,polar bear
43510,polar bear
43511,polar bear
43513,polar bear
43536,policeman
43537,policeman
43538,policeman
43539,policeman
43540,policeman
66311,poop
43671,poop
43672,poop
43674,poop
43676,poop
43677,poop
43873,post
43885,post
43882,post
43880,post
43881,post
43944,potential
43945,potential
43946,potential
43948,potential
43949,potential
43950,potential
44018,poverty
44019,poverty
44020,poverty
44023,poverty
44024,poverty
44166,precious
44175,precious
66321,precious
44167,precious
44168,precious
44172,precious
44176,precipitation
44177,precipitation
44178,precipitation
44179,precipitation
44180,precipitation
44182,precipitation
44183,precise
44184,precise
44185,precise
44186,precise
44188,precise
44296,preschool
44299,preschool
44297,preschool
44301,preschool
44303,preschool
44485,pride
44486,pride
44487,pride
44488,pride
44490,pride
44522,prince
44524,prince
44526,prince
44527,prince
44529,prince
44530,princess
44532,princess
44534,princess
44535,princess
44537,princess
44548,principle
44549,principle
44550,principle
44551,principle
44552,principle
44553,principle
44555,principle
44714,process
44715,process
44716,process
44719,process
44721,process
44810,profit
44811,profit
44812,profit
44814,profit
44817,profit
44842,progress
44843,progress
44844,progress
44847,progress
44849,progress
44957,propaganda
44958,propaganda
44962,propaganda
44969,proper
44970,proper
44971,proper
44973,proper
44975,proper
45163,psychologist
45164,psychologist
45166,psychologist
45168,psychologist
45186,public
45193,public
45194,public
45196,public
45198,public
45199,public
45218,publish
45219,publish
45220,publish
45221,publish
45223,publish
45224,publish
45410,purchase
45411,purchase
45413,purchase
45414,purchase
45416,purchase
45419,pure
45420,pure
45423,pure
45425,pure
45467,pursue
45468,pursue
45469,pursue
45471,pursue
45473,pursue
45524,put off
45525,put off
45526,put off
45529,put off
45530,put off
45532,put off
45595,q
66055,q
45597,q
45598,q
45599,q
45601,q
45636,quality
66360,quality
45637,quality
45638,quality
45639,quality
45640,quality
45651,quarrel
45652,quarrel
45655,quarrel
45656,quarrel
45658,quarrel
45663,quarter
45673,quarter
45664,quarter
45665,quarter
45669,quarter
45829,r
66056,r
47983,r
47984,r
47985,r
47987,r
45927,rage
45928,rage
45929,rage
45932,rage
45936,rage
46164,rather
46165,rather
46166,rather
46170,rather
46173,rather
46310,real
46314,real
46315,real
46317,real
46319,real
46574,recliner
46575,recliner
46578,recliner
46580,recliner
46605,recommend
46606,recommend
46607,recommend
46609,recommend
46611,recommend
46656,recover
46658,recover
46659,recover
46660,recover
46661,recover
46663,recover
46665,recover
66383,regular
46927,regular
46928,regular
46930,regular
46931,regular
47075,release
47076,release
47077,release
47081,release
47083,release
47092,relief
66385,relief
47093,relief
47094,relief
47095,relief
47096,relief
47097,relief
47135,rely
47136,rely
47137,rely
47139,rely
47140,rely
47142,rely
47341,reply
47342,reply
47343,reply
47345,reply
47347,reply
47478,rescue
47479,rescue
47480,rescue
47482,rescue
47484,rescue
47565,resist
66395,resist
47569,resist
47572,resist
47573,resist
47721,restroom
47722,restroom
47724,restroom
47725,restroom
47727,restroom
47802,retreat
47803,retreat
47804,retreat
47806,retreat
47809,retreat
48297,roar
48298,roar
48299,roar
48301,roar
48303,roar
48305,robber
48306,robber
48307,robber
48308,robber
48311,robber
48312,robber
48313,robber
66417,roommate
70344,roommate
48522,roommate
48523,roommate
48525,roommate
48526,roommate
48566,rose
48567,rose
48569,rose
48570,rose
48573,rose
48729,ruin
48731,ruin
48732,ruin
48733,ruin
48734,ruin
48735,ruin
48737,ruin
48933,s
66057,s
51426,s
51427,s
51428,s
51430,s
49088,salary
49089,salary
49090,salary
49092,salary
49093,salary
49094,salary
49411,saw
49412,saw
49421,saw
49408,saw
49410,saw
49459,scan
49460,scan
49464,scan
49465,scan
49776,scream
49779,scream
49783,scream
49784,scream
49786,scream
49884,sculpture
49885,sculpture
49886,sculpture
49887,sculpture
49888,sculpture
49889,sculpture
49890,sculpture
69459,sea
49898,sea
49899,sea
49900,sea
49902,sea
50192,seldom
50198,seldom
50199,seldom
50201,seldom
50465,sequence
50466,sequence
50467,sequence
50469,sequence
50471,sequence
50472,sequence
50578,settle
66452,settle
50582,settle
50584,settle
50587,settle
51299,shout
51300,shout
51303,shout
51304,shout
51306,shout
51312,shovel
51313,shovel
51315,shovel
51317,shovel
51771,sin
51826,sin
51827,sin
51829,sin
51831,sin
51795,singer
51796,singer
51798,singer
51800,singer
51801,singer
66494,sixteen
51979,sixteen
51981,sixteen
51982,sixteen
51984,sixteen
51986,sixteen
52114,ski
52122,ski
52125,ski
52128,ski
52180,skip
66504,skip
52181,skip
52185,skip
52188,skip
52651,smoking
52652,smoking
52656,smoking
53035,sofa
53037,sofa
53038,sofa
53039,sofa
53041,sofa
53119,soldier
53120,soldier
53123,soldier
53124,soldier
53126,soldier
53177,solve
53178,solve
53179,solve
53180,solve
53182,solve
53196,someday
53198,someday
53199,someday
53200,someday
53201,someday
53202,someday
53203,someday
53228,something
53230,something
53231,something
53233,something
53234,something
53235,something
53251,somewhere
53252,somewhere
53253,somewhere
53255,somewhere
53256,somewhere
53257,somewhere
53401,soul
53404,soul
53405,soul
53406,soul
53409,soul
53848,spill
53850,spill
53851,spill
53854,spill
53855,spill
53856,spill
53917,spit
53921,spit
53922,spit
53924,spit
53926,spit
66549,spread
54090,spread
54092,spread
54093,spread
54095,spread
54138,sprint
54139,sprint
54140,sprint
54143,sprint
54144,sprint
54146,sprint
54188,squeeze
54189,squeeze
54190,squeeze
54191,squeeze
54195,squeeze
54248,stadium
54249,stadium
54250,stadium
54251,stadium
54252,stadium
54254,stadium
54661,stepfather
54672,stepfather
54667,stepfather
54668,stepfather
54670,stepfather
54804,sting
54805,sting
54807,sting
54808,sting
54810,sting
54829,stir
54837,stir
54832,stir
54833,stir
54834,stir
54838,stitch
54840,stitch
54841,stitch
54843,stitch
54845,stitch
55322,stuck
55323,stuck
55324,stuck
55326,stuck
55327,stuck
55328,stuck
55626,sue
70160,sue
55627,sue
55628,sue
55631,sue
55632,sue
55865,sunshine
55866,sunshine
55867,sunshine
55868,sunshine
55869,sunshine
55871,sunshine
55910,superman
55911,superman
55913,superman
55914,superman
55915,superman
55917,superman
56113,surrender
56114,surrender
56115,surrender
56117,surrender
56119,surrender
56168,suspend
56175,suspend
56176,suspend
56178,suspend
56180,suspend
56354,swimming
56355,swimming
56356,swimming
56357,swimming
56359,swimming
56360,swimming
56546,t
66058,t
58323,t
58324,t
58325,t
58327,t
56788,talent
56792,talent
56793,talent
56795,talent
56798,talent
57251,telescope
57252,telescope
57253,telescope
57255,telescope
57257,telescope
57344,tempt
57349,tempt
57351,tempt
57352,tempt
57354,tempt
57391,ten
57392,ten
57393,ten
57395,ten
57397,ten
57361,tend
57378,tend
57380,tend
57381,tend
57382,tend
57385,tend
57542,testify
57552,testify
57543,testify
57545,testify
57546,testify
57548,testify
57566,texas
57567,texas
57568,texas
57570,texas
57584,text
66595,text
66596,text
57579,text
57580,text
57582,text
57604,than
66597,than
57605,than
57606,than
57609,than
57610,than
57818,therefore
57819,therefore
57820,therefore
57822,therefore
57823,therefore
58236,thrill
66634,thrill
58243,thrill
58244,thrill
58245,thrill
58247,thrill
58663,tobacco
58664,tobacco
58665,tobacco
58667,tobacco
58669,tobacco
58743,toilet paper
58745,toilet paper
58746,toilet paper
58748,toilet paper
58750,toilet paper
58768,tolerate
58769,tolerate
58770,tolerate
58772,tolerate
58774,tolerate
59000,torture
59001,torture
59002,torture
59003,torture
59005,torture
59120,towel
59122,towel
59123,towel
59124,towel
59127,towel
59129,towel
59672,trip
59673,trip
59666,trip
59669,trip
59670,trip
59839,truth
59840,truth
59842,truth
59843,truth
59845,truth
59846,truth
59969,turn
66684,turn
59991,turn
59992,turn
59996,turn
69520,tv
60072,tv
60073,tv
60075,tv
60338,u
66059,u
60358,u
60359,u
60360,u
60362,u
60701,unique
60702,unique
60703,unique
60704,unique
60705,unique
60708,unique
60709,unique
60966,upstairs
60967,upstairs
60968,upstairs
60970,upstairs
60972,upstairs
61130,v
66060,v
61561,v
61562,v
61563,v
61565,v
61134,vacant
61135,vacant
61136,vacant
61138,vacant
61140,vacant
61187,vague
61188,vague
61189,vague
61191,vague
61193,vague
61219,valley
61221,valley
61222,valley
61224,valley
61226,valley
66718,vampire
61246,vampire
61247,vampire
61249,vampire
61251,vampire
69523,very
66722,very
61509,very
61510,very
61512,very
61515,very
61587,vice president
61588,vice president
61590,vice president
61592,vice president
61595,vice president
61696,viewpoint
61697,viewpoint
61699,viewpoint
61700,viewpoint
61701,viewpoint
61702,viewpoint
61845,visualize
66733,visualize
61846,visualize
61848,visualize
61850,visualize
61851,visualize
66734,vlog
61869,vlog
61870,vlog
61874,vlog
61875,vlog
61946,volleyball
61953,volleyball
61947,volleyball
61948,volleyball
61950,volleyball
61952,volleyball
62032,w
66061,w
63274,w
63275,w
63276,w
63278,w
62384,washington
70137,washington
62393,washington
62394,washington
62395,washington
62396,washington
62398,washington
62487,waterfall
62488,waterfall
62489,waterfall
62490,waterfall
62492,waterfall
62493,waterfall
62781,weigh
70104,weigh
62782,weigh
62783,weigh
62785,weigh
63044,wheelchair
63046,wheelchair
63047,wheelchair
63048,wheelchair
63050,wheelchair
63185,whistle
63186,whistle
63188,whistle
63190,whistle
